url,content
https://www.hindustantimes.com/india-news/they-burnt-my-mother-greater-noida-dowry-death-victims-son-haunted-by-sight-101756171786981.html,"Noida dowry death victim's father says grandson 'cries daily, keeps saying...'
By
Shivam Pratap Singh
Updated on: Aug 26, 2025 09:02 am IST
Read this news in brief form
Share Via
Copy Link
The boy has claimed that he saw something being poured on his mother, 28-year-old Nikki Bhati, before being set ablaze with a lighter.
The seven-year-old son of the Greater Noida woman, who was set on fire by her husband and in-laws in an alleged dowry killing, is haunted by the sight of his burning mother.
Nikki Bhati's father has said that he will try his best to bring up her son.(Sourced/ANI)
The boy has claimed that he saw something being poured on his mother, 28-year-old Nikki Bhati,
before being set ablaze with a lighter
. Nikki’s father, Bhikari Singh Payla, said that the boy cries every evening and keeps repeating, “They burnt my mother.”
""I will bring him up as well as I can. He cries every evening thinking of his mother. He keeps saying, 'They burnt my mother.' We try to comfort him,” Payla told NDTV.
The police are investigating the case and have
so far made four arrests
: Nikki’s husband, Vipin Bhati; brother-in-law, Rohit Bhati; and both parents-in-law, Daya and Satyavir Bhati.
The Nikki Bhati dowry death case
28-year-old Nikki Bhati was killed over a
₹
36 lakh dowry demand, nine years after her marriage with Vipin Bhati, a resident of Greater Noida in the National Capital Region (NCR).
The victim's elder sister, Kanchan, who was married in the same family to Vipin’s brother Rohit, claimed Nikki was burnt alive in front of her eyes as she failed to get them
₹
36 lakh in dowry. She claimed that her in-laws assaulted her as well for dowry. Vipin, on the other hand,
claimed that she died by suicide.
According to the victim's family, Vipin and Rohit were both unemployed and lived off their father's grocery shop. To become financially independent, the sisters opened a salon and boutique business, something Vipin said was “not allowed.”
An argument broke out between Nikki and Vipin on August 21, after which he assaulted her and allegedly set her on fire with the help of his mother, Daya.
""My elder daughter (Kanchan) called and told me, 'Papa, Nikki ko jala diya (They burnt Nikki). We reached the hospital, and the doctor told us she had suffered 70 per cent burns... I have lost everything. I lost my daughter, what is left now?"" Nikki Bhati’s father said.
Greater Noida Crime
Greater Noida
Dowry
Dowry Death
Crime
Get Latest real-time updates on
India News
,
Weather Today
,
Latest News
with including
Bihar Chunav
on Hindustan Times.
Get Latest real-time updates on
India News
,
Weather Today
,
Latest News
with including
Bihar Chunav
on Hindustan Times.
News
/
India News
/
Noida dowry death victim's father says grandson 'cries daily, keeps saying...'
See Less
SHARE THIS ARTICLE ON"
https://www.hindustantimes.com/india-news/punjab-swollen-rivers-incessant-rains-deepen-flood-crisis-in-kapurthala-evacuation-starts-in-ferozepur-101756204103879.html,"Punjab: Swollen rivers, incessant rains deepen flood crisis in Kapurthala, evacuation starts in Ferozepur
PTI |
Published on: Aug 26, 2025 03:58 pm IST
Read this news in brief form
Share Via
Copy Link
Punjab: Swollen rivers, incessant rains deepen flood crisis in Kapurthala, evacuation starts in Ferozepur
Ferozepur/Kapurthala , Incessant rains for the past two days have worsened the flood situation in Kapurthala district, while people have started evacuating in Ferozepur especially from villages along the river areas, officials said on Tuesday.
Punjab: Swollen rivers, incessant rains deepen flood crisis in Kapurthala, evacuation starts in Ferozepur
The Sutlej, Beas and Ravi rivers and seasonal rivulets are in spate because of heavy rainfall in their catchment areas and release of surplus water from the Pong and Bhakra dams, compounding problems for villages in several districts of Punjab.
The flood situation in many villages in Kapurthala district deteriorated on Tuesday following incessant rains and the swollen Beas river inundating vast tracts of farmlands.
In Ferozepur district, downstream water level from Harike to Hussainiwala again rose following rains, triggering fears of flooding, with many villagers remaining on alert.
Several people from the villages of Kaluwala, Tendi Wala, Chandiwala, Gatti Rajo Ke, Navi Gatti Rajo ke, Basti Rahime ke and others have started shifting their belongings to safer places and many have kept them on the rooftops of their houses.
On Monday night, Additional Deputy Commissioner Damandeep Singh reached Tendiwala village and also advised villagers to vacate the village.
Kulwant Singh, a resident of Navi Gatti Rajo ke, said that the residents of these villages are living in fear of floods.
""We have started packing up our important belongings and, in case the water level rises a little more, we will have to move along with our families to safer places. Several families have already shifted their belongings to their rooftops"", said Kulwant, adding that he and his family have not slept for the last several days.
Swarn Singh, a resident of Kaluwala village, which is surrounded by the Sutlej river on three sides and by Pakistan on the fourth side, said that his entire crop, which had been sown in three acres of land, has been inundated.
""In 2023, I had to face huge financial loss, and now again my crops are almost destroyed as the water level seems to be increasing day by day,"" rued Swarn Singh.
Pritam Singh, a resident of Habib Ke village, said that the administration should focus on strengthening the embankments on the Sutlej River.
""It has been so many years since these embankments were done. The administration should review strengthening of embankments from time to time to ensure the safety of the people"", said Pritam Singh.
""If anything happens to the 'bundh' from this side, the entire city area will be drowned and thousands of lives will be in danger"", he further added.
For the past two days, 45 mm of rain has been recorded in this border district.
The situation in the city area is equally worrying, with several roads submerged, causing major inconvenience to commuters.
People waded through knee-deep water in certain low-lying areas, while traffic moved at a snail's pace. The downpour also disrupted routine activities, with some schools forced to shut down earlier than usual to ensure the safety of children.
In Kapurthala district, many villages and low-lying areas in Sultanpur Lodhi had been facing the flood situation for the past several days.
But they said now the incessant rains have worsened the situation.
Meanwhile, environmentalist and Rajya Sabha MP Balbir Singh Seechewal said a breach in the temporary 'bundh', an embankment near the village Ahlikalan, led to the flooding of 36 more villages, submerging the paddy crop.
Seechewal said he and his supporters, along with farmers, tried to strengthen the weak points, but the swollen river breached the embankment.
All schools in the Kapurthala district remained shut on Tuesday. A holiday in government and private schools was announced in the wake of continuous rains.
The district administration officials said that despite no let-up in rainfall, relief operations are continuing in the flood-affected mand area of Sultanpur Lodhi and Dhilwan.
Kapurthala Deputy Commissioner Amit Kumar Panchal had on Monday said that despite heavy rains, the teams remained engaged in relief works and were performing their duties with dedication and a spirit of service.
He said that special emphasis is being placed on ensuring the supply of rations, medicines to prevent diseases and silage for livestock in an effective manner.
Instructions have been issued to officials to enhance these efforts.
Additionally, the health of livestock is being taken care of. Veterinary teams are reaching affected areas via boats to conduct check-ups on livestock.
The administration has appealed to the public to remain vigilant and not believe in rumours.
This article was generated from an automated news agency feed without modifications to text.
Flood Situation
Kapurthala
Sutlej River
Ferozepur
Get Latest real-time updates on
India News
,
Weather Today
,
Latest News
with including
Bihar Chunav
on Hindustan Times.
Get Latest real-time updates on
India News
,
Weather Today
,
Latest News
with including
Bihar Chunav
on Hindustan Times.
News
/
India News
/
Punjab: Swollen rivers, incessant rains deepen flood crisis in Kapurthala, evacuation starts in Ferozepur
See Less
SHARE THIS ARTICLE ON"
https://www.hindustantimes.com/india-news/maratha-quota-protest-maharashtra-cabinet-sub-committee-discusses-jarange-s-demands-101756216784229.html,"Maratha quota protest: Maharashtra cabinet sub-committee discusses Jarange's demands
PTI |
Published on: Aug 26, 2025 07:29 pm IST
Read this news in brief form
Share Via
Copy Link
Maratha quota protest: Maharashtra cabinet sub-committee discusses Jarange's demands
Mumbai, The cabinet sub-committee on Maratha reservation discussed on Tuesday some of the demands raised by activist Manoj Jarange and granted a six-month extension to the Shinde panel.
Maratha quota protest: Maharashtra cabinet sub-committee discusses Jarange's demands
The Shinde committee was established in September 2023 to frame a methodology for issuing OBC certificates for Marathas and find proof to establish Marathas as Kunbi OBCs.
The sub-committee meeting reviewed matters related to the Hyderabad, Mumbai, and Satara gazettes, as well as demands concerning the inclusion of ""sagesoyare"" under the reservation framework, state minister and the sub-committee head Radhakrishna Vikhe Patil told reporters.
Jarange has been demanding the implementation of the ""sage soyare"" draft notification. The Marathi term “sage soyare” means through birth relations and through relations by marriage.
Vikhe Patil has appealed to Jarange to reconsider his decision to stage demonstrations for quota, saying more meetings will be held to address his concerns.
""The Shinde Committee on Maratha reservation has been granted a six-month extension, a demand put forth by Jarange, which the sub-committee accepted in its very first sitting,"" he said
Jarange has been demanding that all Marathas be recognised as Kunbis — an agrarian caste included in the OBC category — which will make them eligible for reservations.
""The government's approach to the Maratha reservation is positive. There is no negative stance on the issue, but decisions will have to be taken within the legal framework,"" Vikhe Patil said.
He recalled that Chief Minister Devendra Fadnavis had taken a special initiative to grant a 16 per cent reservation to Marathas , which was later struck down.
He alleged that the erstwhile MVA government had failed to sustain the reservation.
""After the change of government, Fadnavis decided on a 10 per cent reservation,"" he added.
The Maharashtra Socially and Educationally Backward Classes Act was enacted in February 2024, granting a 10% reservation to the Maratha community for government jobs and educational admissions, based on findings by the Maharashtra State Backward Class Commission .
Jarange has announced he would set out for Mumbai with supporters on August 27, the first day of the Ganesh festival, and sit on an indefinite fast on Friday if the government failed to grant the 10 per cent reservation to Marathas under the OBC grouping.
This article was generated from an automated news agency feed without modifications to text.
Maratha Reservation
Get Latest real-time updates on
India News
,
Weather Today
,
Latest News
with including
Bihar Chunav
on Hindustan Times.
Get Latest real-time updates on
India News
,
Weather Today
,
Latest News
with including
Bihar Chunav
on Hindustan Times.
News
/
India News
/
Maratha quota protest: Maharashtra cabinet sub-committee discusses Jarange's demands
See Less
SHARE THIS ARTICLE ON"
https://www.hindustantimes.com/india-news/donald-trump-changes-claim-on-planes-downed-during-india-pak-conflict-operation-sindoor-101756171109936.html,"7 jets shot down: Trump changes claim on planes downed during India-Pak conflict
By
HT News Desk
Updated on: Aug 26, 2025 10:19 am IST
Read this news in brief form
Share Via
Copy Link
Donald Trump said that seven jets were shot down during the military conflict between India and Pakistan, but this is not the number he earlier claimed.
US President Donald Trump on Monday again repeated his claim of
brokering a ceasefire
between India and Pakistan back in May, adding that seven jets were shot down during the military conflict.
US President Donald Trump during an executive order signing in the Oval Office of the White House in Washington, DC(Bloomberg)
However, this is not the number of jets he said were shot down earlier. Last month, the Republican said
five planes were downed
during the conflict as ""two serious nuclear countries"" hit each other.
Like last time, this time too, Trump did not specify which country shot down how many jets. His fresh remarks on the subject come weeks after Air Chief Marshal Amar Preet Singh confirmed that India shot down five Pakistani fighter jets during Operation Sindoor, the military action targeting terrorist infrastructure in Pakistan and Pakistan-occupied Kashmir.
The
Air Chief Marshal had said
that the jets were shot down by the S-400 air defence systems, and called it the largest ever recorded surface-to-air kill.
Apart from the five jets, one large Airborne Early Warning and Control (AEW&C) or early warning aircraft was also destroyed, he had said.
'Was going to be a nuclear war'
Further, repeating his claim of brokering a ceasefire between India and Pakistan and ""stopping"" a nuclear war, Donald Trump said on Monday, ""The war with India and Pakistan was the next level that was going to be a nuclear war... They already shot down 7 jets - that was raging.""
He again linked the truce between the two bordering nations to trade, saying he gave both countries 24 hours to settle the fight, threatening the US would withhold trade if they didn't stop. ""I said, 'You want to trade? We are not doing any trade or anything with you if you keep fighting, you've got 24 hours to settle it'. They said, 'Well, there's no more war going on. ' I used that on numerous occasions. I used trade and whatever I had to use..."" the Republican said.
Trump's remarks on the India-Pak conflict are the latest in a series of such claims
repeated multiple times
, ever since the two countries reached an agreement on cessation of hostilities on May 10.
The truce was declared days after the launch of Operation Sindoor, launched to avenge the killing of 26 civilians in a terrorist attack in Jammu and Kashmir's Pahalgam on April 22.
New Delhi has
rejected Trump's mediation
claim several times in the past, asserting that ceasefire was reached after a call from Pakistan's Director General of Military Operations (DGMO) to their Indian counterpart. India maintains that the agreement was reached bilaterally, with no third-party intervention.
Operation Sindoor
Donald Trump
Us Top News
Get Latest real-time updates on
India News
,
Weather Today
,
Latest News
with including
Bihar Chunav
on Hindustan Times.
Get Latest real-time updates on
India News
,
Weather Today
,
Latest News
with including
Bihar Chunav
on Hindustan Times.
News
/
India News
/
7 jets shot down: Trump changes claim on planes downed during India-Pak conflict
See Less
SHARE THIS ARTICLE ON"
https://www.hindustantimes.com/india-news/what-dream11s-harsh-jain-said-on-layoffs-possibility-95-of-revenues-disappeared-overnight-101756172517065.html,"What Dream11 CEO Harsh Jain said on layoffs possibility after losing ‘95% of revenues'
Edited by
Aniruddha Dhar
Updated on: Aug 26, 2025 10:41 am IST
Share Via
Copy Link
Dream11 CEO Harsh Jain's comments come days after Parliament passed the Promotion and Regulation of Online Gaming Bill, 2025.
Dream Sports, the parent company of fantasy gaming giant Dream11, will not resort to layoffs despite being hit by India’s ban on real-money games, co-founder and CEO Harsh Jain has said.
Harsh Jain, CEO of Dream11, tagged Elon Musk in a post slamming Tesla.
“95 per cent of Dream11's revenues have disappeared overnight, and 100 per cent of our profits…,” Harsh Jain
told
Moneycontrol on Monday.
Dream Sports has been a major real-money gaming player in India, but it has to close its money-based games after the government banned all forms of online money games.
Jain's comments come days after Parliament passed the Promotion and Regulation of
Online Gaming Bill, 2025, criminalising the offering and financing of such games
, with offenders facing up to five years in prison.
""We are not interested in doing any layoffs. All the talent here is safe,"" Jain said in the interview.
Dream11 has also intimated to the Board of Control for Cricket in India
that it won't be able to continue with the title sponsorship of the team as the revenue stream is going to get hit badly.
""The only way to deal with 95 per cent of your revenue being gone is to build new products that you can monetise in the future. That will always start with talent,"" Jain said, adding that the company has no plans to challenge the government on the ban.
The Mumbai-based company plans to redeploy its 500 engineers and other staff across existing businesses such as FanCode, DreamSetGo, Dream Game Studios and Dream Money, while also working on new AI-driven products for the sports and creator economy.
""We have sports content, commerce, fan engagement, analytics, sports performance, and merchandise. All of this is going to be disrupted by AI. And now I have 500 engineers whom I can allocate to solving these problems,"" Jain said. ""We will start again to solve these problems for Indian sports fans.""
Jain asserted that Dream Sports has sufficient cash reserves to retain staff and sustain operations for the next couple of years. In FY23, the company reported operational revenue of
₹
6,384.49 crore, up from
₹
3,841 crore in FY22.
According to news agency PTI, Dream Sports is testing a new app, Dream Money, to foray into the financial services sector.
""Dream Money has been under pilot for the last few months. The platform has not been launched yet,"" PTI reported, citing an unnamed source.
As per information available on Google Play Store, the app will offer gold purchase service on a daily basis, starting from
₹
10 per day and fixed deposits starting from
₹
1,000.
According to the source, the official name of the new platform is ""Dream Suite Platform Private Limited"".
The app has been published by a Dream Sports entity, Dreamsuite.
While Dream Sports has closed its online money-based games, it continues to operate sports experience and travel platform Dream Set Go, sports event ticketing and merchandise platform FanCode, game development unit Dream Game Studios and non-profit organisation Dream Sports Foundation.
(With inputs from PTI)
Cricket
Parliament
Bill
Online Game
Us Top News
Get Latest real-time updates on
India News
,
Weather Today
,
Latest News
with including
Bihar Chunav
on Hindustan Times.
Get Latest real-time updates on
India News
,
Weather Today
,
Latest News
with including
Bihar Chunav
on Hindustan Times.
News
/
India News
/
What Dream11 CEO Harsh Jain said on layoffs possibility after losing ‘95% of revenues'
See Less
SHARE THIS ARTICLE ON"
https://www.hindustantimes.com/india-news/army-officer-who-assaulted-spicejet-staff-at-srinagar-airport-put-on-no-fly-list-101756208602642.html,"Army officer who assaulted SpiceJet staff at Srinagar airport put on no-fly list for 5 years
By
Neha LM Tripathi
Updated on: Aug 26, 2025 08:28 pm IST
Share Via
Copy Link
The incident, videos of which went viral, took place on July 26 at the boarding gate for flight SG 386 from Srinagar to Delhi
A senior Indian Army officer who allegedly assaulted SpiceJet staffers at Srinagar airport on July 26 has been placed on the airline’s no-fly list for five years, two officials close to the development said.
The officer assaulted four SpiceJet staffers.(HT File/Sourced)
“The passenger who hit the airline staff has been declared unruly, and it has been decided to put him on the airline’s no-fly list. He will not be able to fly in any of the SpiceJet domestic or international flights for five years,” one of the officials said.
A second official added that the decision was made by an internal committee set up under the Civil Aviation Rules (CAR), which recommended imposing the ban on the passenger. This committee included three independent people - two retired judges and one representative of another airline.
Also read
|
Jaw kicked, object thrown: Video shows Army man's 'murderous' assault on SpiceJet staff at Srinagar Airport
A first information report (FIR) under Section 115 (voluntarily causing hurt) of the Bharatiya Nyaya Sanhita (BNS) was registered against the lieutenant colonel-rank officer posted in Kashmir. In its letter to the civil aviation ministry, the airline had described the incident as a “murderous assault” on its staff.
A comment from SpiceJet is awaited.
Also read
|
‘Fully committed to…’: Indian Army after officer caught assaulting SpiceJet staffer on camera
The incident occurred on July 26 at the boarding gate of flight SG 386 from Srinagar to Delhi, following a disagreement over the payment of extra baggage charges during boarding.
At the time, the airline stated that the officer was carrying two cabin bags, weighing a total of 16 kg, more than double the permitted limit of 7 kg.
The airline said the passenger refused to comply and forcefully entered the aerobridge without completing the boarding process in violation of aviation security protocols.
“He was escorted back to the gate by a CISF official,” the airline said.
“At the gate, the passenger grew increasingly aggressive and physically assaulted four members of the SpiceJet ground staff,” it added.
One of the four staffers suffered a spinal fracture and jaw injuries.
A video of the incident, showing the officer hitting staff with a queue stand, went viral on August 3.
Under the aviation regulations on unruly passengers, passengers who are ""verbally unruly"" can face a no-fly ban for up to three months, up to six months for “physical unruliness”, or, be debarred from flying for a minimum of two years for “life-threatening behaviour”.
The rules allow aggrieved passengers to appeal within 60 days to an appellate committee headed by a retired high court judge. The panel also has representatives of passengers association/consumer association/retired officer of Consumer Dispute Redressal Forum and other airlines as members.
The committee must decide the case within 30 days, and its decision is binding on the airline.
According to data tabled in the Rajya Sabha on August 5, India has placed 379 passengers on the ‘no-fly list’ over the last five years, including 48 people added to the list until July 30 this year alone.
In 2020, only 10 people were placed on the list. The following year, 66 individuals were added to this list. In 2022, another 63 people were added to the list, while 2023 saw 110 people added to the no-fly list, the highest number to date. This figure declined to 82 in 2024.
Srinagar Airport
Indian Army
Spicejet
Get Latest real-time updates on
India News
,
Weather Today
,
Latest News
with including
Bihar Chunav
on Hindustan Times.
Get Latest real-time updates on
India News
,
Weather Today
,
Latest News
with including
Bihar Chunav
on Hindustan Times.
News
/
India News
/
Army officer who assaulted SpiceJet staff at Srinagar airport put on no-fly list for 5 years
See Less
SHARE THIS ARTICLE ON"
https://www.hindustantimes.com/india-news/never-expected-pm-to-call-us-thieves-he-should-respect-my-chair-as-i-do-his-mamata-101756216853472.html,"Never expected PM to call us 'thieves', he should respect my chair as I do his: Mamata
PTI |
Published on: Aug 26, 2025 07:39 pm IST
Read this news in brief form
Share Via
Copy Link
West Bengal CM Banerjee called Modi's comments an ""insult"" to the people of West Bengal.
Launching a fresh salvo at Prime Minister Narendra Modi, West Bengal Chief Minister Mamata Banerjee, while referring to the BJP leader's recent comments, on Tuesday said she never expected him to disrespect her chair and the state as a whole by allegedly calling its people ""thieves"".
""The Prime Minister should respect my chair as I respect his. I never expected him to call the people of West Bengal thieves,"" CM Mamata Banerjee said.(AITC)
Speaking at a government programme in Bardhaman town in Purba Bardhaman district, organised to distribute land deeds and various social welfare scheme benefits among people, Banerjee called Modi's comments an ""insult"" to the people of West Bengal and lashed out for holding back central funds that, she alleged, have put a ""heavy burden"" on the state exchequer.
""The Prime Minister should respect my chair as I respect his. I never expected him to call the people of West Bengal thieves,"" the CM said.
""In truth, he has turned a blind eye to the performances of the so-called double-engine BJP governments of Uttar Pradesh, Maharashtra and Bihar, where corruption is at its highest,"" Banerjee claimed.
Alleging that Modi travels to West Bengal ""like a migratory bird every time there is an election knocking on doors,"" Banerjee claimed that the state administration has satisfactorily replied to all queries of the Union government about utilisation of central funds for welfare schemes.
""We have answered all your queries, yet you stop fund disbursement and call West Bengal a thief. They had sent 186 central teams to West Bengal to probe corruption charges and found nothing. How can a student accept getting zero marks after answering all the questions? We will not tolerate this insult,"" she added.
Speaking at a
public meeting in Kolkata
on August 22, Modi alleged that ""corruption, crime and the Trinamool Congress are synonymous... The funds that the Centre sends to the West Bengal government do not reach the people but are devoured by TMC cadre.""
Accusing the Modi government of stopping five central funds' flow to West Bengal, Banerjee said that the state was running those schemes “from its own resources”.
""We started the Karmashree scheme and distributed 78 lakh job cards despite the BJP stopping funds flow in 100 days' work. We spent
₹
19,000 crore from the state corpus,"" she added.
Referring to Modi's visits to Bengal,
Banerjee
said, ""I want you to come for all 365 days. You don't fund your travel expenses, you don't foot the bill for your food and lodging,"" she said, hinting that the PM's travel expenses are sponsored by the Centre.""
The TMC supremo stated that she, on the other hand, pays for her accommodation bills during travel from her personal income from book royalties.
“I live by myself. I don’t need much money to sustain,” she said, claiming she never took her pension despite being a seven-time MP.
Accusing the BJP of raising the NRC bogey before every election, she alleged that the party is using the Election Commission of India to roll out Special Intensive Revision (SIR) of electoral rolls to brand Indian citizens who crossed over to this part of the country during and before 1971 as Bangladeshis.
“With due respect to the ECI, I urge the poll panel not to become the BJP’s lollipop, abiding by every demand they make,” she said, adding, “We will not allow them (BJP-led Centre) to carry out their agenda to harass and deport every Bengali-speaking citizen by labeling them as Bangladeshis.""
Recalling the contributions of Bengali luminaries in shaping the nation’s destiny and bringing about its modernity through social reforms, Banerjee said, “We will rise in protest if there are attempts to muzzle our voices. We will chant both Joy Hind and Joy Bangla as Bengali is in our veins, in our blood. Bengali occupies the top berth among the spoken languages in the world. Any insult to our mother will not be tolerated.""
Claiming that 22 lakh migrant labourers currently work outside the state because they were invited by their employers for their skills, the CM said, ""They are now being assaulted in BJP-ruled states for speaking in Bengali.”
""But 1.5 crore migrants from outside Bengal are working here. And we ensure their safety, security,"" the chief minister added.
She also reminded Modi of ""failing to do anything when Indians from Gujarat were deported by the Trump administration in shackles"".
Banerjee also accused the PM of peddling lies in the past about Durga Puja celebrations not being allowed in West Bengal.
“This time you (Modi) are saying you can feel the Durga Puja festive vibes in Kolkata air. This shows how you build false narratives and spread lies,” she alleged.
Mamata Banerjee
Pm Modi
West Bengal
Get Latest real-time updates on
India News
,
Weather Today
,
Latest News
with including
Bihar Chunav
on Hindustan Times.
Get Latest real-time updates on
India News
,
Weather Today
,
Latest News
with including
Bihar Chunav
on Hindustan Times.
News
/
India News
/
Never expected PM to call us 'thieves', he should respect my chair as I do his: Mamata
See Less
SHARE THIS ARTICLE ON"
https://www.hindustantimes.com/india-news/ins-udaygiri-ins-himgiri-commissioned-in-visakhapatnam-rajnath-singh-says-no-future-ship-will-be-built-abroad-101756204656519.html,"INS Udaygiri, INS Himgiri commissioned in Visakhapatnam, Rajnath Singh says ‘no future ship will be built abroad’
By
Aniruddha Dhar
Updated on: Aug 26, 2025 04:56 pm IST
Share Via
Copy Link
Defence Minister Rajnath Singh commissioned two advanced stealth frigates, INS Udaygiri and INS Himgiri, at the Eastern Naval Command.
Defence minister Rajnath Singh on Tuesday commissioned two advanced stealth frigates – INS Udaygiri and INS Himgiri -- at the Eastern Naval Command in Visakhapatnam, describing it a major step towards India’s self-reliance in defence manufacturing.
Indian Navy's advanced frontline frigate Udaygiri (F35) ahead of its commissioning in Visakhapatnam. (Defence PRO )
The two warships, part of the
Indian Navy
’s state-of-the-art Project 17A, mark the first time that frontline surface combatants built at two different shipyards have been commissioned simultaneously.
INS Udaygiri has been built by Mazagon Dock Shipbuilders Ltd in Mumbai, while INS Himgiri has been built by Garden Reach Shipbuilders and Engineers in Kolkata.
Also Read |
Navy's role not only limited to guarding, but also providing economic security: Rajnath Singh
Both vessels are follow-on ships of the Shivalik-class frigates, equipped with enhanced stealth features, upgraded weapon and sensor systems, and designed to undertake the full spectrum of maritime operations in blue-water conditions.
Decisive step towards self-reliance in defence manufacturing: Rajnath Singh
Rajnath Singh
said the commissioning underscored the growing strategic role of India’s eastern seaboard and reflected the Indian Navy’s expanding capabilities in the Indian Ocean Region. “The Indian Navy not only guards our coastal areas, but also ensures peace and prosperity in the entire Indian Ocean region,” he said.
Also Read |
Navy to sharpen edge in Indian Ocean region with six stealth frigates
Reiterating India’s commitment to self-reliance, the defence minister described the induction of the two frigates as a “dream come true” for Atmanirbhar Bharat. “The commissioning of INS Udaygiri and INS Himgiri is proof of our vision and commitment towards building a strong and self-reliant India,” he said.
He also emphasised that India will no longer depend on foreign shipbuilding for its Navy. “INS Tamal was the last foreign order for the Indian Navy. We have decided that no future ship for the Indian Navy will be built abroad; we will build our ships in India. This is a very decisive step towards self-reliance in defence manufacturing,” Singh said, adding, “The Indian Navy has completed a century with the commissioning of these warships.”
Singh also underlined India’s defensive posture. “India never believes in exhibiting strength. We have never attacked any country first. But when our security is threatened, we know how to give an appropriate response,” the defence minister said.
Defence Minister
Rajnath Singh
Indian Navy
Us Top News
Get Latest real-time updates on
India News
,
Weather Today
,
Latest News
with including
Bihar Chunav
on Hindustan Times.
Get Latest real-time updates on
India News
,
Weather Today
,
Latest News
with including
Bihar Chunav
on Hindustan Times.
News
/
India News
/
INS Udaygiri, INS Himgiri commissioned in Visakhapatnam, Rajnath Singh says ‘no future ship will be built abroad’
See Less
SHARE THIS ARTICLE ON"
https://www.hindustantimes.com/india-news/calcutta-hc-orders-cid-probe-into-deaths-of-2-men-at-khejuri-fair-101756207696528.html,"Calcutta HC orders CID probe into deaths of 2 men at Khejuri fair
PTI |
Published on: Aug 26, 2025 04:58 pm IST
Read this news in brief form
Share Via
Copy Link
Calcutta HC orders CID probe into deaths of 2 men at Khejuri fair
Kolkata, The Calcutta High Court on Tuesday handed investigations into the deaths of two men at a fair in Purba Medinipur district's Khejuri to the state CID.
Calcutta HC orders CID probe into deaths of 2 men at Khejuri fair
The two men, one in his 60s and the other a 23-year-old, allegedly died on July 12 after an electric pole fell on them when they were visiting the fair. However, their families claimed that they were murdered.
The court had earlier ordered a second post-mortem examination of the two bodies.
Praying that the matter be transferred to the CBI, the families stated that they do not have faith in the investigation by the local police.
Refusing to transfer the two cases to the CBI, Justice Tirthankar Ghosh had on Monday said that handing over the probe to the central agency will be a ""gallery show"", maintaining that the court primarily wants the investigation to be held.
""Handing over the probe to the CBI at present will be a gallery show,"" he had said.
On Tuesday, the court directed the additional director general of CID to engage an officer of the rank of DIG who would form a special investigation team from the agency's Homicide Section for probing the two cases.
Justice Ghosh directed the CID to submit a progress report on the investigation after one month, on September 25.
The court also directed that the second post-mortem report, which was submitted to it in a sealed cover by doctors of the state-run SSKM Hospital, be handed over to the investigating officer of the CID.
During the hearing of the matter on Monday, Justice Ghosh had said that the question in the matter is the opinion of the post-mortem doctors.
He said that there must be a difference between death caused by electrocution and death caused by assault.
The families of the deceased claimed that there were injury marks on the body of one of the deceased.
Maintaining that they were assaulted to death and did not die of electrocution while attending the fair, as claimed by the police, the kin of the two deceased pleaded for the transfer of the investigation to the CBI.
Appearing for the state, Advocate General Kishore Dutta claimed that when a dead body is kept in a morgue, certain marks come up on it which sometimes wrongly give an impression of injuries on the body.
He also claimed that because of the long journey, as has happened in this case in transportation of the bodies to the state-run SSKM Hospital from Purba Medinipur district for the second post-mortem examination on orders of the high court, certain marks or breaking of bones on the bodies may take place.
The police, who earlier treated the cases as that of unnatural death, had registered FIRs after the relatives of the deceased persons alleged that they were murdered, the court noted.
While seeking the second post-mortem, the petitioners had claimed that the first post-mortem reports do not specify the actual cause of death and that the surgeon failed to note the essential features appearing on the bodies of the victims.
This article was generated from an automated news agency feed without modifications to text.
Get Latest real-time updates on
India News
,
Weather Today
,
Latest News
with including
Bihar Chunav
on Hindustan Times.
Get Latest real-time updates on
India News
,
Weather Today
,
Latest News
with including
Bihar Chunav
on Hindustan Times.
News
/
India News
/
Calcutta HC orders CID probe into deaths of 2 men at Khejuri fair
See Less
SHARE THIS ARTICLE ON"
https://www.hindustantimes.com/india-news/cm-stalin-expands-breakfast-scheme-in-tamil-nadu-benefiting-over-20-lakh-children-101756202521974.html,"CM Stalin expands breakfast scheme in Tamil Nadu, benefiting over 20 lakh children
PTI |
Published on: Aug 26, 2025 04:24 pm IST
Read this news in brief form
Share Via
Copy Link
The scheme provides nutritious meals, aiming to enhance health and education, with an annual budget of ₹600 crore.
Tamil Nadu Chief Minister M K Stalin inaugurated here on Tuesday the expansion of the ""Chief Minister's Breakfast Scheme,"" part of the flagship initiatives of the DMK government, to urban areas in the state.
""This is an investment that is going to bring unimaginable, manifold gains to the Tamil society in the future,"" said Stalin.(PTI)
Stalin, along with his Punjab counterpart
Bhagwant Mann
, served food to children at St Joseph’s Primary School here, marking the launch of the scheme. Mann took part in the event as the chief guest. The expansion marks the 5th phase of the scheme's implementation, which is set to benefit 3.06 lakh more children belonging to 2,429 schools. With the fresh launch today, a total of 20.59 lakh children will benefit from the CM's
Breakfast Scheme
in the state.
The government said the dishes --
Pongal
, kichdi, or Upma along with dhal and sambar-- are cooked at a centralised kitchen in a hygienic manner and transported to schools by vans.
In his inaugural address, Stalin traced the origin and evolution of providing food to school children in
Tamil Nadu
schools and recalled that over a century ago, during the Justice Party regime in Chennai, food was provided for the first time to a Chennai Corporation-run school.
Later, during the tenure of late CM K Kamaraj, the noon meal scheme was implemented (1956-57) and in continuation of such initiatives, the
Dravidian model
government launched the breakfast scheme. The breakfast scheme was launched on September 15, 2022 by him after he learnt from his visit to a school that several children had not eaten anything in the morning.
In the first phase, 1,14,095 children belonging to 545 schools were benefited and subsequently, over the years, the scheme was gradually expanded.
""After seeing the amazing results of the scheme and after evaluating its success, the scheme is extended to 3.06 lakh more children belonging to 2,429 schools in urban areas.""
Now, the total number of children covered under the scheme is 20,59,000 and they are studying in 37,416 government and state-aided schools.
The
CM
said: ""They are entering the class rooms with energy after eating hot, tasty and nutritious food and the scheme is implemented at an annual outlay of
₹
600 crore. I will not term this as an expenditure. This is a superb social investment. This is an investment that is going to bring unimaginable, manifold gains to the Tamil society in the future.""
He said he was closely monitoring the scheme's implementation and it has led to multi-fold improvements including development in the health of children and increase in attention and involvement in studies inside the classroom.
When both the parents go to work, they need not worry about preparing food for their children and their burden is reduced. They have peace that their children eat well in the school.
He further said: ""From Dec 2023 to Dec 2025, in government schools, the health of children in government schools has improved. The incidence of visiting hospitals has reduced. Attendance has increased. There is improvement in learning skills. Nutrition deficiency has fallen and thus, there are several positive aspects and we have come to know all of this through studies.""
Certain states and some countries too were holding consultations to launch and implement the breakfast scheme and a developed economy like Canada has introduced the scheme. ""It is a matter of pride that we are a model for them.""
The chief minister listed other state schemes, including an initiative to ensure
nutrition
for babies and children,
₹
1,000 monthly financial assistance to women heads of families (1.14 crore beneficiaries), fare-free travel for women in buses and so on. He underscored the 11.19 percent double-digit economic growth of the state during 2024-25. The state should become number 1 in all sectors and that is his objective.
To the children, the CM said: ""Eat well, learn well, play well; your life will be good. All the best.""
He recalled that
Arvind Kejriwal
, as the chief minister of Delhi, took part in the 'Pudhumai Penn' (
₹
1,000 monthly assistance for girls to pursue higher education) launch event in 2022 and now Mann has participated in another Tamil Nadu government event.
Later, in a social media post, the CM said: ""The Chief Minister’s Breakfast Scheme in
Tamil Nadu
continues to inspire beyond our borders. Punjab CM Thiru. Bhagwant Mann honoured us by attending the CM Break Fast Scheme expansion event today, and I thank him warmly for his esteemed presence. After witnessing its impact here, he said that he would consider introducing a similar scheme in Punjab and hold discussions on it, and we are grateful for that. His words fill my heart with joy and pride, and I eagerly look forward to the day when it takes shape in Punjab.""
On May 6, 2022, the chief minister announced implementation of the free breakfast scheme for Class I to V students.
Tamil Nadu
Mk Stalin
Chennai
Breakfast
Scheme
Udhayanidhi Stalin
Get Latest real-time updates on
India News
,
Weather Today
,
Latest News
with including
Bihar Chunav
on Hindustan Times.
Get Latest real-time updates on
India News
,
Weather Today
,
Latest News
with including
Bihar Chunav
on Hindustan Times.
News
/
India News
/
CM Stalin expands breakfast scheme in Tamil Nadu, benefiting over 20 lakh children
See Less
SHARE THIS ARTICLE ON"
https://www.hindustantimes.com/india-news/you-have-built-a-floating-f-35-rajnath-singh-lauds-navy-udaygiri-himgiri-stealth-frigates-at-launch-101756217104855.html,"‘You have built a floating F-35’: Rajnath Singh lauds Navy stealth frigates at launch
By
HT News Desk
Updated on: Aug 26, 2025 08:21 pm IST
Share Via
Copy Link
The Indian Navy commissioned two multi-mission stealth frigates, INS Udaygiri and INS Himgiri, at the Eastern Naval Command in Visakhapatnam on Tuesday.
Defence minister Rajnath Singh on Tuesday lauded the Indian Navy at the commissioning of the two advanced stealth frigates — INS Udaygiri and INS Himgiri — at the Eastern Naval Command in Visakhapatnam.
Union Defence Minister Rajnath Singh (left) and stealth frigate INS Himgiri (right) during its commissioning ceremony, in Visakhapatnam, Andhra Pradesh.(PTI)
Indirectly referring to the US, he said there's a country that has F-35 (fifth-generation fighter jet) flying in the air, while the Indian Navy has made a “floating F-35 warship”.
""Today, you have launched the indigenous F-35 warship. One nation has a flying F-35 and you have built a floating F-35, that too Made in India,"" Rajnath Singh said at the event, according to ANI.
Watch the video here:
The
two warships
, part of the Indian Navy’s state-of-the-art Project 17A, mark the first time that frontline surface combatants built at two different shipyards have been commissioned simultaneously.
While Mazagon Dock Shipbuilders in Mumbai built INS Udaygiri, Garden Reach Shipbuilders and Engineers in Kolkata built the INS Himgiri.
Also Read |
‘It’s a confession’: Rajnath on Asim Munir’s ‘India is shining Mercedes’ remark
Lauding the two new frigates, Rajnath Singh said the commissioning of INS Udaygiri and INS Himgiri will significantly enhance the Indian Navy's strength, reach and resilience.
""[It] is a dream come true towards Atmanirbhar Bharat (self-reliant India). I can say with confidence that both these warships will prove to be a milestone in the country's security,"" he said, according to PTI.
Also Read |
PM Modi re-emphasises swadeshi as he inaugurates Maruti’s EV, battery plant
Singh said he is confident that these two warships will prove to be a game-changer in very complex and risky operations in the sea. ""I believe that their commissioning in the Indian Navy is a step that will strengthen our neighbourhood first and mutual and holistic advancement for security and growth for all in the region,"" Singh said.
The defence minister also emphasised that India will no longer depend
on foreign shipbuilding for its Navy
.
“INS Tamal was the last foreign order for the Indian Navy. We have decided that no future ship for the Indian Navy will be built abroad; we will build our ships in India. This is a very decisive step towards self-reliance in defence manufacturing,” Singh said, adding, “The Indian Navy has completed a century with the commissioning of these warships.”
All about INS Udaygiri and INS Himgiri
INS Udaygiri and INS Himgiri follow INS Nilgiri, the lead ship of the successor class to Project 17 (Shivalik class).
According to the ministry of defence, they incorporate improved stealth features, reduced radar signatures, advanced surveillance radars and electronic warfare suites, supersonic surface-to-surface missiles, surface-to-air missiles, and rapid-fire gun systems.
Both ships have Combined Diesel or Gas propulsion plants and a cutting-edge Integrated Platform Management System, allowing for higher speeds and better fuel efficiency.
The ministry added that the multi-mission frigates are crucial operational enablers that will enhance the Navy’s ability to safeguard national interests across the full spectrum of maritime missions.
Rajnath Singh
Indian Navy
Get Latest real-time updates on
India News
,
Weather Today
,
Latest News
with including
Bihar Chunav
on Hindustan Times.
Get Latest real-time updates on
India News
,
Weather Today
,
Latest News
with including
Bihar Chunav
on Hindustan Times.
News
/
India News
/
‘You have built a floating F-35’: Rajnath Singh lauds Navy stealth frigates at launch
See Less
SHARE THIS ARTICLE ON"
https://www.hindustantimes.com/india-news/shivraj-singh-chouhan-asked-if-hes-in-running-to-be-bjp-chief-after-jp-nadda-talks-of-just-one-goal-101756217285050.html,"Shivraj Chouhan, asked if he's in the running to be BJP chief, talks of ‘just one goal’
By
HT News Desk
Updated on: Aug 26, 2025 08:21 pm IST
Read this news in brief form
Share Via
Copy Link
I'm focused on agriculture, farmers welfare, says Chouhan amid buzz he is eying BJP chief post
Amid political buzz after his meeting with the chief of the Rashtriya Swayamsewak Sangh (RSS), Union agriculture minister Shivraj Singh Chouhan on Tuesday sidestepped the question if he was in the race to become the next BJP national president.
Union minister Shivraj Singh Chouhan, a four-time former CM of Madhya Pradesh, during a recent visit to a farm.(X/@OfficeofSSC)
“I want to say one thing: Prime Minister Narendra Modi has entrusted me with the responsibility of looking after ministries of agriculture, farmers' welfare and rural development. At this moment, agriculture is in every pore of my body and farmers are in my breath,” PTI quoted him as saying, when asked directly about the meeting with RSS chief Mohan Bhagwat in New Delhi last weekend.
""I have only one goal: how to increase agricultural production, how to boost farmers' income, how to develop rural areas, how to make more Lakhpati Didis,"" he emphasised. A ‘Lakhpati Didi’ is a member of a self-help group (SHG) who earns an annual household income exceeding
₹
1 lakh — one of the pet projects of the central government.
When reporters pressed on the issue of the next BJP president, Chouhan added, ""Neither have I ever thought of it, nor has anyone told me. I can't even think of it. I am the agriculture and rural development Minister. I am doing this work like worship. Serving farmers is worship of God for me and I want to keep doing this worship.""
The BJP national chiefship is currently held on extension by Jagat Prakash Nadda, whose three-year term ended about two years ago.
Former four-time Madhya Pradesh chief minister Chouhan, 66, is a prominent leader who comes from the Other Backward Classes (OBC), which have been a key electoral factor in Modi's and the BJP's success. Chouhan has in the past been vice-president of the BJP national unit, and two decades ago led the youth wing, Bharatiya Janata Yuva Morcha (BJYM).
His name was also said to be in the mix for the prime ministerial candidature over a decade ago when Narendra Modi, as Gujarat CM, was rising to the central political stage.
Chouhan eventually shifted to New Delhi and became a member of Modi's cabinet after leading the BJP to a thumping victory in the November 2023 assembly election in Madhya Pradesh. He quit the assembly and fought and won the 2024 Lok Sabha polls from Vidisha.
Shivraj Singh Chouhan
Rural Development
Farmers' Income
Jp Nadda
Bjp
Get Latest real-time updates on
India News
,
Weather Today
,
Latest News
with including
Bihar Chunav
on Hindustan Times.
Get Latest real-time updates on
India News
,
Weather Today
,
Latest News
with including
Bihar Chunav
on Hindustan Times.
News
/
India News
/
Shivraj Chouhan, asked if he's in the running to be BJP chief, talks of ‘just one goal’
See Less
SHARE THIS ARTICLE ON"
https://www.hindustantimes.com/india-news/oberoi-group-tirupati-land-swap-done-to-safeguard-interest-of-investors-religious-sentiments-tdp-101756209285365.html,"Oberoi group Tirupati land swap done to safeguard interest of investors, religious sentiments: TDP
PTI |
Published on: Aug 26, 2025 05:24 pm IST
Read this news in brief form
Share Via
Copy Link
Oberoi group Tirupati land swap done to safeguard interest of investors, religious sentiments: TDP
Tirupati , Refuting the allegations made by the YSRCP on land allocation to Oberoi Hotels here, TDP national spokesperson Jyothsna Tirunagari on Tuesday said it was the previous regime which allotted land to the Hotels chain in 2021.
Oberoi group Tirupati land swap done to safeguard interest of investors, religious sentiments: TDP
Dismissing the charges made by senior YSRCP leader B Karunakar Reddy that Chief Minister N Chandrababu Naidu ""conspired"" to hand over valuable TTD property to Oberoi Hotels, the TDP leader alleged that former CM Jagan Mohan Reddy is creating a ""false narrative"" to chase away investors from the state.
According to Tirunagari, the YSRCP government, in November 2021 vide GO No. 24, allotted 20 acres out of 50 acres belonging to the Tourism Department to Oberoi Group for development of a resort. The allotment was made in the name of Oberoi's Special Purpose Vehicle- Mumtaz hotels Ltd.
However, there were protests from some groups objecting to the allocation of land to Mumtaz, citing religious grounds. After the TDP-led NDA government took over in , the Tirumala Tirupati Devasthanams requested the government to cancel the allotment and ensure that the land is earmarked only for purposes that align with the sanctity and spirituality at Tirumala, she said.
After examining the issue, Naidu’s government cancelled the land allotment to Mumtaz hotels in August 2025 through a government order and allotted an alternate piece of land, she added.
""It is very clear that the state government led by Chandrababu Naidu is very keen on two issues. One safeguard the interests of the investors who are trying to come, intend to invest in Andhra Pradesh and also at the same time taking into consideration the religious sentiments of the people.
""To operationalise the swap mechanism, the alternate land has been obtained by the tourism department, and would be allotted to the Oberoi group. The mechanism has been approved by the state investment promotion committee in its meeting held on August 22,"" she said.
Karunakar Reddy on Sunday alleged that 20 acres of prime land owned by TTD in Tirupati, valued at
₹
1,500 crore, was exchanged for low-value rural land, resulting in an alleged loss of
₹
1,000 crore.
""Naidu is the mastermind behind a conspiracy to surrender valuable TTD property to Oberoi Hotels under the guise of a land exchange,"" Reddy, who is also the former TTD chairman told reporters.
However, the Tirumala Tirupati Devasthanams condemned these allegations, calling them ""incorrect and misleading"" regarding land allotments.
This article was generated from an automated news agency feed without modifications to text.
Tirupati
Chandrababu Naidu
Ysrcp
Get Latest real-time updates on
India News
,
Weather Today
,
Latest News
with including
Bihar Chunav
on Hindustan Times.
Get Latest real-time updates on
India News
,
Weather Today
,
Latest News
with including
Bihar Chunav
on Hindustan Times.
News
/
India News
/
Oberoi group Tirupati land swap done to safeguard interest of investors, religious sentiments: TDP
See Less
SHARE THIS ARTICLE ON"
https://www.hindustantimes.com/india-news/people-must-protect-their-right-to-vote-to-safeguard-constitution-rahul-gandhi-101756213358795.html,"People must protect their right to vote to safeguard Constitution: Rahul Gandhi
PTI |
Published on: Aug 26, 2025 06:47 pm IST
Read this news in brief form
Share Via
Copy Link
""… People must come forward to protect their right to vote and also to protect the Indian Constitution,” the Leader of the Opposition in Lok Sabha said.
Launching a frontal attack on the NDA government at the Center over the ongoing Special Intensive Revision (SIR) of the electoral rolls in Bihar, Congress leader Rahul Gandhi on Tuesday said people must protect their right to vote to safeguard the Constitution.
People must remember that if they lose their voting rights, the Constitution cannot be protected, Rahul Gandhi asserted.(AICC/ ANI photo)
The SIR in Bihar has exposed the BJP and the EC, and so people have started calling leaders of the saffron party ‘vote chor’, he claimed while addressing a public rally in
Madhubani
district as part of the Congress’ ‘Voter Adhikar Yatra’.
“BJP leaders are indulging in Vote Chori through the Election Commission… People must come forward to protect their right to vote and also to protect the Indian Constitution,” the Leader of the Opposition in Lok Sabha said.
People must remember that if they lose their voting rights, the Constitution cannot be protected, Gandhi asserted.
The EC deleted names of
65 lakh voters
from the electoral rolls in Bihar, he said, and alleged that 65 lakh electors would now be added to help the BJP.
“(Union Home Minister)
Amit Shah
had said that the BJP government will continue for another 40-50 years. Now I realised that he said it because they are involved in 'vote chori' and it started from Gujarat itself,” he said.
Gandhi asserted that neither Prime Minister Narendra Modi nor Amit Shah uttered a single word on his charge of ""vote theft"" by the BJP.
He also alleged that the RSS does not respect the Constitution, as it guarantees equal rights to everyone.
Rahul Gandhi
Bihar
Bihar Assembly Election
Get Latest real-time updates on
India News
,
Weather Today
,
Latest News
with including
Bihar Chunav
on Hindustan Times.
Get Latest real-time updates on
India News
,
Weather Today
,
Latest News
with including
Bihar Chunav
on Hindustan Times.
News
/
India News
/
People must protect their right to vote to safeguard Constitution: Rahul Gandhi
See Less
SHARE THIS ARTICLE ON"
https://www.hindustantimes.com/india-news/heavy-rainfall-worsens-flood-situation-in-parts-of-punjab-schools-shut-in-several-districts-101756201576720.html,"Heavy rainfall worsens flood situation in parts of Punjab, schools shut in several districts
By
HT Correspondent
Updated on: Aug 26, 2025 05:29 pm IST
Read this news in brief form
Share Via
Copy Link
The situation is particularly alarming in the catchment areas of rivers in the Majha region.
Heavy rainfall has triggered a flood crisis in the catchment areas of Punjab, prompting authorities to declare school closure in some districts on Tuesday.
Swathes of farmland submerged under floodwater in Kapurthala. (HT)
The situation is particularly alarming in the catchment areas of rivers in the Majha region.
On the Ravi river, which is in full spate, the Dhusi bandh in Ghaniye Ke village, Dera Baba Nanak sub-division, Gurdaspur district, was breached by floodwater. Consequently, hundreds of acres of agricultural land were submerged, damaging the crops.
As reported by the Hindustan Times, due to continuous rainfall in the hilly and plain areas over the past few days, the Ravi, Ujh, Jalaliya, Chakki, and various canals and drains flowing through Pathankot district have been running beyond capacity.
The state government has also set up a central flood control centre in Jalandhar to monitor and coordinate relief and roping in the National Disaster Response Force (NDRF) and State Disaster Response Force (SDRF) to aid the district administrations and police in rescue operations.
Schools shut till August 30
Punjab CM Bhagwant Mann on Tuesday announced that all schools in the state will remain closed from August 27 to August 30 in view of the heavy rainfall.
“Heavy rains have been occurring for the past few days, and the meteorological department has forecast that heavy rains will continue for a few more days,” Bhagwant Mann said.
“In view of this, all primary, secondary, and senior secondary government and private schools in the state will remain closed from August 27 to August 30,” he added.
BSF carries out rescue mission in Gurdaspur
A special rescue mission was carried out by the Border Security Force (BSF)in flood-affected areas of village Diller Pur Kheda in Dinanagar block of Gurdaspur.
The rescue team, supported by an inflatable boat and skilled operators from its Water Wing, rescued about 60 civilians.
Gates of Madhopur Headworks opened
In Pathankot, the gates of Madhopur Headworks barrage were opened on Tuesday.
Transportation over the Madhopur bridge was restricted to prevent any tragedy due to the flood, as a large quantity of water was being released from Ranjit Sagar dam.
After the old road bridge over the Chakki river collapsed, floodwater started eroding the soil beneath the new bridge, which connects Jalandhar to Pathankot and Jammu through the National Highway.
The Pathankot administration had set up two shelter homes at Radha Soami Satsang Beas congregation centre on Dalhousie road and Gurdwara Barath Sahib.
Punjab
Weather
Rainfall
Get Latest real-time updates on
India News
,
Weather Today
,
Latest News
with including
Bihar Chunav
on Hindustan Times.
Get Latest real-time updates on
India News
,
Weather Today
,
Latest News
with including
Bihar Chunav
on Hindustan Times.
News
/
India News
/
Heavy rainfall worsens flood situation in parts of Punjab, schools shut in several districts
See Less
SHARE THIS ARTICLE ON"
https://www.hindustantimes.com/india-news/navys-role-not-only-limited-to-guarding-but-also-providing-economic-security-rajnath-singh-101756206416104.html,"Navy's role not only limited to guarding, but also providing economic security: Rajnath Singh
PTI |
Published on: Aug 26, 2025 04:36 pm IST
Read this news in brief form
Share Via
Copy Link
Navy's role not only limited to guarding, but also providing economic security: Rajnath Singh
Visakhapatnam, The role of Navy is not limited to the protection of the sea, but it is also a major pillar of the economic security as Indian energy requirements such as oil, natural gas depend on the security of the region to a great extent, Defence Minister Rajnath Singh said on Tuesday.
Navy's role not only limited to guarding, but also providing economic security: Rajnath Singh
On the Pahalgam terror attack in which Indian tourists were killed, the Defence minister said the country gave an effective and precise response through 'Operation Sindoor,' a cross-border military offensive targeting terror havens in Pakistan.
After commissioning two multi-mission stealth frigates, INS Udaygiri and INS Himgiri, here at the Eastern Naval Command, Singh said India never believes in aggressive expansionism and that the whole world knows that it never attacked any country before.
However, when there is an attack on its security, India knows how to respond.
""The geo-strategic situation here is such that it also has the ability to directly influence our economic development. Our energy requirements, oil, natural gas, all depend on the security of this region to a great extent. Therefore, the role of the Navy is not only limited to the protection of the sea, but it is also a major pillar of our national economic security,"" Singh said.
On the two new frigates, Rajnath Singh said the commissioning of INS Udaygiri and INS Himgiri will significantly enhance Indian Navy's strength, reach and resilience.
""Commissioning of INS Udaygiri and INS Himgiri is a dream come true towards Atmanirbhar Bhara. I can say with confidence that both these warships will prove to be a milestone in the country's security,"" he said.
The Indian Navy not only guards coastal areas, but also keeps peace and prosperity in the Indian ocean region, he added.
On the April 22 Pahalgam terror attack, Rajnath Singh said terrorists killed innocent people after asking their religion.
The attack on our innocent people was a challenge for us, but India gave an effective and precise response through 'Operation Sindoor', he said.
India carried out 'Operation Sindoor' to root out terror infrastructure.
""I want to say that the Operation Sindoor is not over, it is only on pause,"" the Defence minister said.
This article was generated from an automated news agency feed without modifications to text.
Indian Navy
Visakhapatnam
Operation Sindoor
Get Latest real-time updates on
India News
,
Weather Today
,
Latest News
with including
Bihar Chunav
on Hindustan Times.
Get Latest real-time updates on
India News
,
Weather Today
,
Latest News
with including
Bihar Chunav
on Hindustan Times.
News
/
India News
/
Navy's role not only limited to guarding, but also providing economic security: Rajnath Singh
See Less
SHARE THIS ARTICLE ON"
https://www.hindustantimes.com/india-news/india-had-pushpak-vimaan-long-before-wright-brothers-invention-shivraj-singh-hails-indias-science-technology-video-101756213949761.html,"‘We had Pushpak Vimaan’: Minister Shivraj Chouhan after Anurag Thakur's ‘Hanuman Ji first astronaut’
By
HT News Desk
Updated on: Aug 26, 2025 07:19 pm IST
Read this news in brief form
Share Via
Copy Link
Chouhan said the drones and missiles that are there today were present in India thousands of years ago too
Along the lines of a viral comment by his BJP colleague Anurag Thakur, who told school students that Lord Hanuman could be considered the first space traveller, Union minister Shivraj Singh Chouhan has said that India had ""Pushpak Vimaan"" long before the Wright brothers invented the aeroplane.
Shivraj Singh Chouhan said that when the world was in darkness, India gave light, adding that the nation's science and technology were highly advanced.(ANI)
Addressing the convocation ceremony of the Indian Institute of Science Education and Research (IISER) at Bhopal on Monday, Chouhan hailed India's epics and history. “When the world was in darkness, India gave light. Our science and technology were highly advanced. The country had Pushpak Vimaan (planes mentioned in Hindu epics),” news agency ANI reported, as he spoke in Hindi.
“We had the Pushpak Viman long before the Wright brothers' existence was known,” Chouhan said, referring apparently to the American inventors Wilbur and Orville Wright widely hailed as pioneers of air travel for a successful flight in 1903.
Chouhan said that the drones and missiles that are there today have been with the nation for thousands of years. ""We have all read this in the Mahabharat. Our country's science and technology were already developed thousands of years ago,"" Chouhan said.
In his nearly 24-minute long address, the BJP leader mentioned the ‘Pushpak Vimaan’ at 3:56.
WATCH:
The Union agriculture minister's remarks came also amid a nationalistic surge against recent tariffs imposed on India by US President Donald Trump.
He highlighted the nation's economic development and asserted that New Delhi will not compromise on its farmers' interests.
Flashback: Shivraj's 2023 Pushpak Vimaan comment
During his tenure as the chief minister of Madhya Pradesh in 2023, Chouhan had claimed that India has been ahead in science since ancient times.
He argued that the Pushpak Vimaan, mentioned in the holy Hindu text of Ramayana, was invented at least 7,000 years before the Wright Brothers came up with the modern plane, a Live Hindustan
report
said.
At the time, Chouhan also said that Western countries came into contact with science much later. He requested everyone to dispel the idea that the developed Western countries taught science lessons to India.
Chouhan had also referred to “atomism”, referring to Bhaskaracharya's theory of astronomy. He said that 2,000 years before John Dalton discovered the atomic theory, “Maharishi Kanada presented his atomic theory.”
Lord Hanuman first space traveler: Anurag Thakur
On Saturday, BJP leader Anurag Thakur told students at an event in Himachal Pradesh that
Lord Hanuman could be
considered the ""first one to travel in space"" and asked them to look beyond textbooks to connect with India's traditions.
He later shared the video of his remarks at PM Shri School in Una, delivered on the occasion of National Space Day, on X and captioned it: “Pawansut Hanuman Ji… the first astronaut.”
Thakur had asked the students, ""Who was the first space traveller?"" and later replied, “
Mujhe toh lagta hai Hanuman ji the
(I think it was Lord Hanuman).”
He elaborated: “We still see ourselves in the now. As long as we do not know our thousands of years' old tradition, knowledge, culture, we will remain the same as the British have shown us.”
He added, “I would like to request the principal and all of you to think out of the textbooks and take a look at our nation, our traditions, our knowledge.”
Shivraj Singh Chouhan
Anurag Thakur
Bjp
Ramayana
Get Latest real-time updates on
India News
,
Weather Today
,
Latest News
with including
Bihar Chunav
on Hindustan Times.
Get Latest real-time updates on
India News
,
Weather Today
,
Latest News
with including
Bihar Chunav
on Hindustan Times.
News
/
India News
/
‘We had Pushpak Vimaan’: Minister Shivraj Chouhan after Anurag Thakur's ‘Hanuman Ji first astronaut’
See Less
SHARE THIS ARTICLE ON"
https://www.hindustantimes.com/india-news/india-expects-strong-condemnation-of-cross-border-terror-at-sco-summit-mea-101756212696088.html,"India expects strong condemnation of cross-border terror at SCO Summit: MEA
By
Rezaul H Laskar
Published on: Aug 26, 2025 06:21 pm IST
Read this news in brief form
Share Via
Copy Link
Lal said the SCO was established with the primary goal of countering the three evils of terrorism, separatism and extremism, which continue to remain a challenge
NEW DELHI:
India expects the upcoming Shanghai Cooperation Organisation (SCO) Summit in Tianjin to strongly condemn cross-border terrorism in keeping with the founding principles of the bloc, the external affairs ministry said on Tuesday ahead of Prime Minister Narendra Modi’s visit to China to attend the meeting.
External affairs minister S Jaishankar during SCO Council of Foreign Ministers Meeting, in Tianjin (@DrSJaishankar/File Photo)
While the SCO’s charter does not allow the raising of bilateral issues, the Indian side has pushed for the condemnation of cross-border terrorism in joint statements and documents adopted by the 10-member bloc. India and Pakistan have also sparred over the issue of terrorism at past summits.
Addressing a media briefing alongside foreign secretary Vikram Misri, secretary (West) in the external affairs ministry, Tanmaya Lal, said India is working with other SCO members and partners to ensure strong condemnation of terrorism at the summit in Tianjin.
“The SCO was established with the primary goal of countering the three evils of terrorism, separatism and extremism, which continue to remain a challenge,” he said, noting that India has actively engaged with SCO’s Regional Anti-Terrorist Structure (RATS).
Joint statements adopted at past SCO Summits, including the one chaired by India in 2023, have included strong condemnation of terrorism, including cross-border terrorism, Lal said.
“As far as the declaration at this [upcoming] summit is concerned, that is under finalisation…We are working with other members and partners to see that there should be a reiteration of the strong condemnation of terrorism, including cross-border terrorism,” he said. “The security of the region remains a priority for the SCO members.”
The SCO’s Regional Anti-Terrorist Structure is based in Tashkent and India chaired the body’s council during 2021-22. During India’s presidency of SCO in 2023, the bloc adopted a joint statement on cooperation on countering radicalisation leading to separatism, extremism and terrorism.
Cross-border terrorism is back in focus ahead of the SCO meet as India launched Operation Sindoor in May to target terrorist infrastructure in Pakistan in retaliation for the Pahalgam terror attack in April that killed 26 civilians. This triggered four days of intense hostilities that ended with an understanding between the two sides on May 10.
Besides security, India’s other priority areas under SCO are economy and trade, connectivity, respect for sovereignty and territorial integrity, and the environment, Lal said.
Modi will travel to China after visiting Japan as part of the first leg of his two-nation tour. After arriving in the Chinese city of Tianjin, he is expected to participate in a welcome banquet dinner on the evening of August 31. The SCO summit will be held on September 1.
PM Modi is also expected to hold several bilateral meetings on the sidelines of the SCO Summit, including with Chinese President Xi Jinping, Russian President Vladimir Putin, and several Central Asian leaders, according to people familiar with the matter. This will be his second meeting with Xi since the two sides reached an understanding last October to end the military standoff on the Line of Actual Control (LAC).
After Modi and Xi decided at their last meeting to revive several mechanisms to normalise relations and address the border dispute, India and China resumed the Kailash Mansarovar Yatra, and New Delhi has resumed tourist visas for Chinese nationals. The two sides recently agreed on several other initiatives, including the resumption of direct flights and an “early harvest” in delimiting the border.
Sco Summit
Shanghai Cooperation Organisation
Get Latest real-time updates on
India News
,
Weather Today
,
Latest News
with including
Bihar Chunav
on Hindustan Times.
Get Latest real-time updates on
India News
,
Weather Today
,
Latest News
with including
Bihar Chunav
on Hindustan Times.
News
/
India News
/
India expects strong condemnation of cross-border terror at SCO Summit: MEA
See Less
SHARE THIS ARTICLE ON"
https://www.hindustantimes.com/india-news/pathankot-counter-intelligence-team-averts-target-killing-seizes-weapons-101756204929047.html,"Pathankot counter-intelligence team averts target killing, seizes weapons
ANI |
Published on: Aug 26, 2025 04:58 pm IST
Read this news in brief form
Share Via
Copy Link
The suspects opened fire but were subdued, leading to the recovery of multiple firearms. Investigations into their criminal activities are ongoing.
The Pathankot Counter-Intelligence team on Tuesday averted a target killing by busting an organised crime module which was involved in multiple heinous crimes, Punjab DGP said in a statement.
The police officials recovered four weapons from their custody, including one Zigana pistol, three pistols (.30 & .32 bore) with live cartridges.(ANI file photo for representation)
The officials have apprehended four people, including two juveniles and seized two
pistols
and ammunition from their custody.
""Preliminary investigations have revealed their links with foreign-based Nishan Singh (r/o Jaurrian), Shamsher Singh @ Shera Mann @ Honey (r/o Mann), and Sajan Masih @ Goru (r/o Veroke, PS Dera Baba Nanak),"" the statement read.
The police officials have unearthed important leads regarding other criminal activities across the state during the investigation. An FIR has also been registered at the State Special Operation Cell,
Amritsar
in the matter.
The Barnala police on Monday apprehended four associates of the Devinder Bambiha Gang in a major
crackdown
, while they were planning to commit a robbery, police said.
The apprehended associates include: Satnam Singh alias Satti, Gurpreet alias Guri, Sarm Singh alias Rinku and Deepak Singh.
""During a naka operation, the accused opened fire on the police party, our personnel overpowered the assailants and arrested them along with their vehicle,"" as per the 'X' post from DGP
Punjab Police
.
The police officials recovered four weapons from their custody, including one Zigana pistol, three pistols (.30 & .32 bore) with live cartridges.
According to he police, Satnam Singh is a habitual offender with over 22 previous cases registered against him. These include murder,
attempt to murder
, Arms Act & NDPS Act.Sarm Singh and Deepak Singh are also linked to the narcotics trade.
The agencies are conducting an investigation and interrogation of the apprehended.
Punjab
Pathankot
Police
Intelligence
Weapon
Punjab Police
Get Latest real-time updates on
India News
,
Weather Today
,
Latest News
with including
Bihar Chunav
on Hindustan Times.
Get Latest real-time updates on
India News
,
Weather Today
,
Latest News
with including
Bihar Chunav
on Hindustan Times.
News
/
India News
/
Pathankot counter-intelligence team averts target killing, seizes weapons
See Less
SHARE THIS ARTICLE ON"
https://www.hindustantimes.com/india-news/akhilesh-yadav-meets-india-blocs-nominee-sudershan-reddy-ahead-of-vp-elections-101756204148544.html,"Akhilesh Yadav meets INDIA bloc's nominee Sudershan Reddy ahead of VP elections
ANI |
Published on: Aug 26, 2025 04:27 pm IST
Read this news in brief form
Share Via
Copy Link
Reddy emphasized his commitment to impartiality and dignity. The election, set for September 9, will see him contest against NDA's CP Radhakrishnan.
Samajwadi Party Chief Akhilesh Yadav on Tuesday met and extended his greetings to the INDIA bloc's Vice-Presidential nominee and former Supreme Court judge B Sudershan Reddy.
The election for the Vice President of India will see a direct contest between Justice Reddy, backed by the INDIA bloc, and NDA's nominee C P Radhakrishnan.(PTI)
Earlier today,
Sudershan Reddy
was welcomed at the Lucknow Airport amid rousing uproar by supporters.
On August 21, Opposition INDIA bloc's Vice-Presidential nominee and former Supreme Court Judge B. Sudershan Reddy filed his nomination papers for the upcoming election, describing the moment as an honour and pledging to discharge the role with impartiality, dignity, and a steadfast commitment, if elected.
Reddy submitted the nomination in the presence of Congress president
Mallikarjun Kharge
, Congress Parliamentary Party chairperson Sonia Gandhi, and Lok Sabha Leader of Opposition Rahul Gandhi.
In a statement released after filing his nomination, Justice (Retd.) Reddy said, ""Today, I had the honour of filing my nomination papers for the office of the
Vice President
of India as a joint candidate of the Opposition parties. I did so with a deep sense of humility, responsibility, and unwavering commitment to the values enshrined in our Constitution.""
The election for the Vice President of India will see a direct contest between Justice Reddy, backed by the
INDIA bloc
, and NDA's nominee C P Radhakrishnan.
The Election Commission had earlier announced that polling for the Vice Presidential election would take place on September 9, with counting to take place the same day.
The Vice Presidential post fell vacant after Jagdeep Dhankhar resigned on the first day of the
Monsoon Session
of Parliament on July 21, citing health reasons.
Recently, Sudershan Reddy said that the election for the Vice President is not a battle but a clash of ideology, while highlighting that he disagrees with the ideology and not
CP Radhakrishnan
, the NDA candidate for the position.
While talking to ANI, Sudershan Reddy said, ""This is not a battle, it is a clash of ideas... The other side was propagating that there is a person here who has been a full member of the RSS all his life, so I disagree with that ideology, not with C.P. Radhakrishnan ji.""
He added that he has nothing personal against
NDA candidate
C.P. Radhakrishnan, “There is nothing personal between C.P. Radhakrishnan and me. We have never even met each other. So I wanted this to be a decent contest, not between individuals but between two different ideologies...”
Akhilesh Yadav
Rahul Gandhi
Delhi
Election
Get Latest real-time updates on
India News
,
Weather Today
,
Latest News
with including
Bihar Chunav
on Hindustan Times.
Get Latest real-time updates on
India News
,
Weather Today
,
Latest News
with including
Bihar Chunav
on Hindustan Times.
News
/
India News
/
Akhilesh Yadav meets INDIA bloc's nominee Sudershan Reddy ahead of VP elections
See Less
SHARE THIS ARTICLE ON"
https://www.hindustantimes.com/india-news/tmc-mla-acted-as-money-collecting-agent-in-wb-school-teachers-hiring-scam-ed-101756218501430.html,"TMC MLA acted as money collecting agent in WB school teachers hiring 'scam': ED
PTI |
Updated on: Aug 26, 2025 07:58 pm IST
Read this news in brief form
Share Via
Copy Link
TMC MLA acted as money collecting agent in WB school teachers hiring 'scam': ED
New Delhi, Arrested TMC MLA Jiban Krishna Saha, along with his associates, acted as an agent for collecting huge sums of money from ""undeserving"" candidates in exchange for jobs for the post of assistant teachers in West Bengal, the Enforcement Directorate alleged on Tuesday.
TMC MLA acted as money collecting agent in WB school teachers hiring 'scam': ED
The legislator from the Burwan constituency in Murshidabad district was taken into custody by the federal probe agency on Monday after searches were conducted at his residence. The raids also covered the premises of his associates and an alleged middleman named Prasanna Kumar Roy.
A special Prevention of Money Laundering Act court sent him to ED custody for 6 days on Monday.
The probe pertains to alleged illegal appointments of Assistant Teachers in the schools of the West Bengal government, and this is alleged to have been done in criminal conspiracy with officials of the West Bengal Central School Service Commission .
The Supreme Court, in April this year, cancelled the appointments of more than 25,000 candidates who were hired as teachers and staff by the SSC, by terming the process as fraud.
Saha, the ED alleged in a statement, along with his associates, acted as an agent for collecting huge sums of money from undeserving candidates in exchange for jobs for the post of Assistant Teachers.
""The proceeds of crime were collected in his own bank accounts and that of his wife,"" it said.
The agency said various candidates, in their statements recorded with the ED, have ""confirmed"" making ""direct"" cash payments to Saha in lieu of appointments.
The agency also said Saha, during the searches, attempted to flee from the premises and tried to destroy evidence by throwing/hiding his mobile phones in a drain, which were later recovered by the search team.
The agency has said the proceeds of crime in this case run into ""hundreds of crores of rupees,"" and it has attached assets worth
₹
238 crore till now and also filed a chargesheet in April 2024.
This article was generated from an automated news agency feed without modifications to text.
New Delhi
West Bengal
Get Latest real-time updates on
India News
,
Weather Today
,
Latest News
with including
Bihar Chunav
on Hindustan Times.
Get Latest real-time updates on
India News
,
Weather Today
,
Latest News
with including
Bihar Chunav
on Hindustan Times.
News
/
India News
/
TMC MLA acted as money collecting agent in WB school teachers hiring 'scam': ED
See Less
SHARE THIS ARTICLE ON"
https://www.hindustantimes.com/india-news/sc-agrees-to-reexamine-case-of-death-row-convict-101756218318736.html,"SC agrees to reexamine case of death row convict
PTI |
Published on: Aug 26, 2025 07:55 pm IST
Read this news in brief form
Share Via
Copy Link
SC agrees to reexamine case of death row convict
New Delhi, The Supreme Court has agreed to reexamine the case of a death row convict punished for raping and killing a minor in 2022.
SC agrees to reexamine case of death row convict
A bench of Justices Vikram Nath, Sanjay Karol and Sandeep Mehta said the case could be reopened on the point of sentence if guidelines on mitigating factors framed by the apex court in 2022 were not followed at the time of punishment.
Vasant Sampat Dupare, who hails from Nagpur, was punished for raping and killing the four-year-old minor girl in April 2008.
The top court upheld the conviction but set aside the 2017 view on sentencing for now and placed the matter before Chief Justice B R Gavai for appropriate directions.
Dupare lured the girl with chocolates, raped her and disfigured her face to avoid identification.
While allowing Dupare's plea, the top court referred to the 2022 verdict in Manoj v. Madhya Pradesh in which it issued several guidelines and mandated trial courts to collect the accused's psychiatric and psychological evaluation report before awarding death.
""We hold that Article 32 of the Constitution of India empowers this court in cases related to capital punishment to reopen the sentencing stage where the accused has been condemned to death penalty without ensuring that the guidelines mandated in Manoj were followed,"" the bench held on August 25.
Calling it ""corrective power"", the bench underlined its precise use in rigorously applying the safeguards in the 2022 verdict to ensure the condemned were not deprived of the fundamental rights.
The top court said the majesty of the Constitution was not in the might of the state but in its restraint.
When the court contemplates capital punishment, it enters a domain where justice must be tempered by conscience and guided by the unwavering promises of equality, dignity and fair procedure, it added.
""A Constitution that proclaims liberty and dignity as its first commitments cannot permit the State to end a human life unless every safeguard of fairness has been honoured and every civilising impulse of the law has been heard. The question is never only what penalty a crime might merit, it is first whether the machinery of the Republic has honoured every safeguard that makes punishment lawful in a constitutional democracy,"" it said.
The bench went on, ""In the narrow space between guilt and the gallows, a robust Constitution demands that we pause, look again, and ask whether the process itself has measured up to the high bar that humanity and the rule of law together set.""
The apex court said the petitioner's request for a new sentencing hearing squarely fell within Article 32 of the Constitution of India.
""The relief sought is narrowly tailored as it does not disturb the conviction or reopen evidentiary findings but merely insists that the ultimate penalty be imposed, if at all, through the procedural safeguards now recognised as integral to a fair and individualised sentence. We believe that granting this remedy is therefore a legitimate, and indeed compelling exercise of the Court’s plenary power under Article 32 of the Constitution of India to secure the effective enforcement of fundamental rights,"" the bench said.
The contemporary Indian society no longer conceived criminal punishment purely in retributive terms, but also measured the quantum of a sentence by its capacity to preserve the possibility of human reformation, it said.
Dupare's sentencing was confirmed by the apex court in 2014 and his review petition against the November 26, 2014 verdict was dismissed by the apex court on May 3, 2017.
He then filed mercy petitions before Maharashtra Governor and President, which were rejected in 2022 and 2023, respectively.
This article was generated from an automated news agency feed without modifications to text.
Supreme Court
Death Row Convict
Capital Punishment
Get Latest real-time updates on
India News
,
Weather Today
,
Latest News
with including
Bihar Chunav
on Hindustan Times.
Get Latest real-time updates on
India News
,
Weather Today
,
Latest News
with including
Bihar Chunav
on Hindustan Times.
News
/
India News
/
SC agrees to reexamine case of death row convict
See Less
SHARE THIS ARTICLE ON"
https://www.hindustantimes.com/india-news/jammu-vaishno-devi-route-landslide-weather-killed-injured-rescue-operations-rainfall-101756209877395.html,"Landslide on Mata Vaishno Devi route kills 5, injures 14 as rain batters Jammu region
By
HT News Desk
Updated on: Aug 26, 2025 07:28 pm IST
Share Via
Copy Link
The landslide took place near the Inderprastha Bhojnalaya at Adhkwari at around 3 pm.
At least five people were killed and 14 were injured after heavy rainfall led to a landslide on the route to the Mata Vaishno Devi shrine atop the Trikuta hill on Tuesday afternoon.
Rescue operations are underway and the pilgrimage has been suspended.(HT file photo)
This took the death toll in rain-related mishaps in the region to nine.
The landslide occurred around 3pm near the Inderprastha Bhojnalaya at Ardhkuwari. Rescue operations were underway, and the pilgrimage was suspended.
Follow LIVE updates here.
""Five pilgrims died and 14 others were injured in the incident. Soon after the incident, rescue teams were rushed to the spot,"" a police officer told HT.
Also Read |
Several trains, including Katra-New Delhi Vande Bharat, cancelled amid heavy rains in Jammu
Earlier, the yatra had been suspended on the Himkoti trek route since morning, but continued on the old route until 1:30pm, when authorities decided to suspend it until further orders.
Heavy rainfall wreaks havoc in Jammu
Since Monday night, relentless heavy rain has pounded the Jammu region, and almost all water bodies are flowing above the danger mark. Four people were killed in rain-related incidents, as per reports, before the Vaishno Devi landslide.
Among those killed were a woman who died in Gandoh on Monday and three other deaths have been reported from Gandoh, Thathri and Bhaderwah.
At least 18 houses have also been damaged in heavy rains.
Chief minister Omar Abdullah said the situation in many parts of Jammu was “quite serious,” and that he will take the next available flight from Srinagar to Jammu to personally monitor the situation.
Abdullah also chaired an emergency meeting to review the situation in the Jammu division.
""The relief and restoration works will proceed strictly as per SDRF norms. However, wherever additional requirements arise beyond these norms, I will personally ensure that further provisions are made available,"" the chief minister told the officers, according to PTI.
Meanwhile, the traffic on the Jammu-Srinagar and Kishtwar-Doda national highways was suspended, while dozens of hilly roads were blocked or damaged by landslides or flash floods.
Jammu
Vaishno Devi
Rainfall
Get Latest real-time updates on
India News
,
Weather Today
,
Latest News
with including
Bihar Chunav
on Hindustan Times.
Get Latest real-time updates on
India News
,
Weather Today
,
Latest News
with including
Bihar Chunav
on Hindustan Times.
News
/
India News
/
Landslide on Mata Vaishno Devi route kills 5, injures 14 as rain batters Jammu region
See Less
SHARE THIS ARTICLE ON"
https://www.hindustantimes.com/india-news/up-mla-allegedly-receives-death-threat-after-raising-illegal-encroachment-issue-101756215331206.html,"UP MLA allegedly receives death threat after raising illegal encroachment issue
PTI |
Published on: Aug 26, 2025 07:49 pm IST
Share Via
Copy Link
The threats, sent through email and social media posts, warned that the MLA would be shot multiple times.
Police on Tuesday said they are probing a complaint that BJP MLA Shalabh Mani Tripathi received death threats after he raised the issue of alleged illegal encroachment at a 'mazar' beneath a railway overbridge on the Deoria-Gorakhpur road.
Police said that an investigation in the matter is underway.(Representational)
The threats, sent through email and social media posts, warned that the MLA would be shot multiple times and issued a similar warning to Chief Minister
Yogi Adityanath
, supporters of the MLA claimed.
“The matter has come to our notice. An investigation is underway,” Deoria Sadar, SHO, Durgesh Kumar Singh told PTI.
Tripathi, in a June 25 representation to the chief minister, had alleged that the 'mazar' had expanded illegally over barren land, a drain and part of a national highway.
Acting on his complaint, Principal Secretary (Home) Sanjay Prasad directed the district magistrate and superintendent of police to verify land records, remove encroachment if found illegal and submit a report.
Questioning how construction was permitted next to a railway overbridge without any sanctioned map, Tripathi had recalled that 28 years ago, senior RSS pracharak Ramnagina Yadav was ""killed"" after he questioned the shrine’s legitimacy.
“Locals stopped pursuing the matter out of fear. Recently, suspicious gatherings by outsiders have been noticed at the site,” the MLA alleged.
He demanded a special team from Lucknow to probe land ownership and shrine activities in a time-bound manner. Local authorities confirmed that an inquiry into the alleged encroachment has been initiated.
Uttar Pradesh
Mla
Threat
Get Latest real-time updates on
India News
,
Weather Today
,
Latest News
with including
Bihar Chunav
on Hindustan Times.
Get Latest real-time updates on
India News
,
Weather Today
,
Latest News
with including
Bihar Chunav
on Hindustan Times.
News
/
India News
/
UP MLA allegedly receives death threat after raising illegal encroachment issue
See Less
SHARE THIS ARTICLE ON"
https://www.hindustantimes.com/india-news/man-kills-girlfriend-by-stuffing-explosive-device-in-her-mouth-101756148894053.html,"Man kills girlfriend by stuffing explosive device in her mouth
By
Coovercolly Indresh
,
Vishnu Varma
, Bengaluru/kochi
Updated on: Aug 26, 2025 08:43 am IST
Share Via
Copy Link
A man, 22, was arrested for allegedly killing his girlfriend, 20, with an explosive in Mysuru after their relationship soured.
A 22-year-old man was arrested on Monday for allegedly killing a 20-year-old woman he was in a relationship with by stuffing an explosive device into her mouth and triggering it after an argument at a lodge in
Karnataka
’s Mysuru, police said.
A senior police officer aware of the investigation said Siddaraju tried to flee after the murder, claiming that her death was due to an accident.(PTI/representative )
According to police, the incident took place on August 23 at a lodge in Bherya village of Saligrama taluk in Mysuru.
“The victim, identified as Rakshita, also known as Darshitha, was a resident of Gerasanahalli village in Hunsur taluk of Mysuru. She was married to one AP Subhash, who works as a bus driver in Dubai, since 10 years and the couple has a two-year-old girl
,
” said an officer familiar with the matter, adding that Rakshita has been in a relationship with accused Siddaraju, who is also a distant relative, for the last seven years.
According to sub-inspector VS Shashi Kumar, Rakshita and Siddaraju checked into the lodge at around 2.45 PM on August 23.
“The accused said he had stepped out of the hotel to bring food. He said he returned after 20 minutes with food, but found the door locked and there was no response from inside. After the lodge staff opened the room, the woman was found in a pool of blood. We have arrested the accused and launched an investigation,” he said.
Also read: UP:
Man climbs mobile tower in 'Sholay' style, demands marriage to girlfriend
A senior police officer aware of the investigation said Siddaraju tried to flee after the murder, claiming that her death was due to an accident, but was caught by locals and handed over to the police.
Investigators also believe that the killing was planned weeks in advance. Siddaraju, who worked as a salesman at a hardware shop in Bettadapura, is thought to have used his familiarity with quarry explosives to assemble the device. “He knows how detonators function. He used an old charger to fashion the device almost a month before the crime,” said Kumar.
About the motive, police said Rakshita and Siddaraju’s relationship had soured since five years, and the victim was planning to join her husband in
Dubai
. She had also allegedly lent Siddaraju
₹
80,000 and was pressuring him to return the money.
Police have registered a case under Section 103 (murder) of the Bharatiya Nyaya Sanhita (BNS).
Meanwhile, the Irikkur police station in
Kannur district
of
Kerala
have also filed a theft case against Rakshita on the basis of a complaint filed by her mother-in-law on August 22
.
“The complainant said around 30 sovereigns of gold and
₹
4 lakh were found to be missing from their home on the evening of August 22. Darshitha had left the home on the morning of August 22, stating that she was going to her maternal home near Hunsur in Karnataka. Police officers reached Hunsur, but did not find her,” the officer said.
The officer added: “It is not clear if Darshitha stole the money and gold though she remains one of the suspects. No other arrests have been made yet.”
Karnataka
Crime
Crime News
Get Latest real-time updates on
India News
,
Weather Today
,
Latest News
with including
Bihar Chunav
on Hindustan Times.
Get Latest real-time updates on
India News
,
Weather Today
,
Latest News
with including
Bihar Chunav
on Hindustan Times.
News
/
India News
/
Man kills girlfriend by stuffing explosive device in her mouth
See Less
SHARE THIS ARTICLE ON"
https://www.hindustantimes.com/india-news/andhra-govt-extends-ips-officer-sunil-kumar-s-suspension-once-again-101756216115741.html,"Andhra govt extends IPS officer Sunil Kumar's suspension once again
PTI |
Published on: Aug 26, 2025 07:18 pm IST
Read this news in brief form
Share Via
Copy Link
Andhra govt extends IPS officer Sunil Kumar's suspension once again
Amaravati, Andhra Pradesh government on Tuesday extended the suspension of senior IPS officer PV Sunil Kumar once again by another six months, alleging that he could 'influence' the cases registered against him.
Andhra govt extends IPS officer Sunil Kumar's suspension once again
The extension comes in the backdrop of the state government initiating 'disciplinary action' and setting in motion a set of elaborate articles of charge against the suspended officer for allegedly undertaking foreign visits without permission during the previous YSRCP regime and other cases.
""Government hereby order that suspension period of PV Sunil Kumar, IPS shall extend for a further period of 180 days, up to February 24, 2026 or till further orders,"" said Chief Secretary K Vijayanand in a government order .
A review committee met on August 22 to review Kumar's suspension and noted that the allegations of misuse of Agri-gold relief funds enquiry is being conducted by the ACB, which is pending for examination of witnesses and collection of documents from various departments.
Likewise, it observed that the case registered against Kumar in the alleged custodial torture case of former Narasapuram MP and current Undi MLA K Raghurama Krishna Raju is under investigation and in the process of uncovering and eliciting further facts associated with it.
Vijayanand said the probe in Raju's case is at the stage of ""identifying the weapons used in the commission of offence, unearthing the larger conspiracy behind the custodial torture and the efforts that were made to suppress the facts of custodial torture.""
The review committee has also noted that disciplinary proceedings are pending against Kumar in 'another case', he said.
Considering this backdrop, the chief secretary said the review committee opined that revoking suspension at this point of time will only enable the member of service to ""tamper the evidence and influence the process of enquiry and investigation.""
Hence, it recommended the extension of Kumar's suspension for a further period of 180 days, Vijayanand added.
This article was generated from an automated news agency feed without modifications to text.
Get Latest real-time updates on
India News
,
Weather Today
,
Latest News
with including
Bihar Chunav
on Hindustan Times.
Get Latest real-time updates on
India News
,
Weather Today
,
Latest News
with including
Bihar Chunav
on Hindustan Times.
News
/
India News
/
Andhra govt extends IPS officer Sunil Kumar's suspension once again
See Less
SHARE THIS ARTICLE ON"
https://www.hindustantimes.com/india-news/17-gram-sabhas-in-chhattisgarh-allege-illegal-eviction-by-tiger-reserve-authorities-101756217760505.html,"17 gram sabhas in Chhattisgarh allege illegal eviction by tiger reserve authorities
PTI |
Updated on: Aug 26, 2025 07:46 pm IST
Read this news in brief form
Share Via
Copy Link
17 gram sabhas in Chhattisgarh allege illegal eviction by tiger reserve authorities
New Delhi, A federation of 17 gram sabhas from Chhattisgarh's Udanti-Sitanadi forests has written to the Tribal Affairs Ministry, alleging illegal evictions and violations of multiple laws by tiger reserve authorities.
17 gram sabhas in Chhattisgarh allege illegal eviction by tiger reserve authorities
Queries sent to the Tribal Affairs Ministry on this matter remained unanswered.
In a letter addressed to Tribal Affairs Secretary Vibhu Nayar and other senior officials, the gram sabha representatives claimed that ""several unlawful activities of the Udanti-Sitanadi Tiger Reserve authorities"" were violating their forest rights.
They alleged that they were being ""forcefully evicted from our ancestral homelands in blatant violation of the Forest Rights Act 2006, the Panchayat Act 1996, the Wildlife Protection Act 1972 and the SC & ST Act, 1989"".
The federation alleged that since 2020, authorities had been issuing arbitrary eviction notices to villages such as Sornamal, inhabited by Bhunjia, Gond and Kamar communities.
It claimed that families from Sornamal, Ichhradi and Dashpur villages were already evicted ""without any compliance with the due process laid down"" under the Forest Rights Act.
""For the past two years, farming has been completely banned by the tiger reserve authorities, thereby posing a grave threat to the life and survival of hundreds of families,"" the letter alleged.
The federation further alleged that the tiger supplementation programme in the reserve was approved by the National Tiger Conservation Authority without the free, prior and informed consent of local gram sabhas.
""Such irresponsible and arbitrary conservation intervention is not only in deep contravention of the Forest Rights Act and the Wildlife Protection Act but also undermines the coexistence approach to biodiversity conservation,"" it said.
It also alleged that reserve authorities were ""clandestinely planning to convert our community forest resource areas into meadows for tourism development and evict more villages"", while misleading the media by claiming to have gram sabha consent.
The Udanti-Sitanadi Tiger Reserve in Gariaband and Dhamtari districts is one of Chhattisgarh's three tiger reserves, created in 2009 by merging two adjoining sanctuaries.
It has been a focal point of India's tiger reintroduction efforts, with conservation authorities moving tigers from other reserves to repopulate the area.
However, rights groups have long claimed that evictions linked to tiger reserves undermine both tribal rights and conservation goals.
The Forest Rights Act, 2006, recognises the rights of forest-dwelling Scheduled Tribes and other traditional forest dwellers over land and community resources. Section 4 of the Act prohibits eviction until claims are settled.
In February 2019, a Supreme Court order directing the eviction of forest dwellers whose claims had been rejected triggered nationwide protests, forcing the government to halt the process.
In their latest appeal, the Udanti-Sitanadi gram sabhas urged the Tribal Affairs Ministry to intervene.
""We request your kind attention to stop these unlawful activities aimed at forcefully evicting us from our ancestral homeland while severely endangering our forest rights along with the rich biodiversity of Udanti-Sitanadi forests,"" the letter claimed.
The NTCA last year asked states to speed up village relocation from core areas, sparking protests over alleged violations of the Forest Rights Act and lack of consultation with affected tribal communities.
A tiger reserve consists of two zones the core and the buffer . According to the Wildlife Protection Act, 1972, the core areas must remain ""inviolate for the purpose of tiger conservation"". The buffer areas, in contrast, permit sustainable human activities alongside wildlife conservation.
Tribal and indigenous communities residing in the core areas say they have lived in harmony with nature and forests for generations and their livelihoods, culture and traditions are deeply connected to the forest ecosystem.
Under the Forest Rights Act , 2006, these communities are granted individual and community rights to access, manage and use forest resources, as well as live in these forests.
However, they argue that the ""contentious"" and ""delayed"" implementation of the FRA has left them vulnerable to forced eviction.
This article was generated from an automated news agency feed without modifications to text.
Forest Rights Act
New Delhi
Get Latest real-time updates on
India News
,
Weather Today
,
Latest News
with including
Bihar Chunav
on Hindustan Times.
Get Latest real-time updates on
India News
,
Weather Today
,
Latest News
with including
Bihar Chunav
on Hindustan Times.
News
/
India News
/
17 gram sabhas in Chhattisgarh allege illegal eviction by tiger reserve authorities
See Less
SHARE THIS ARTICLE ON"
https://www.hindustantimes.com/india-news/counterproductive-why-did-justice-nagarathna-dissent-on-justice-pancholi-s-elevation-to-sc-by-collegium-101756203110934.html,"'Counter-productive': Why did Justice Nagarathna dissent on Pancholi’s elevation to SC by collegium?
By
Utkarsh Anand
Updated on: Aug 26, 2025 08:28 pm IST
Read this news in brief form
Share Via
Copy Link
While differing from the others' recommendation, Nagarathna stated that Justice Pancholi’s appointment would be “counter-productive” to justice.
The Supreme Court collegium on Monday recommended the elevation of Bombay high court chief justice Alok Aradhe and Patna high court chief justice Vipul M Pancholi to the apex court.
Justice Nagarathna's note of dissent referenced Pancholi's earlier transfer from the Gujarat high court to the Patna high court.(ANI file photo)
The five-member collegium
took the decisions
with a 4-1 split on Justice Pancholi's elevation. While Chief Justice of India Bhushan R Gavai and justices Surya Kant, Vikram Nath and JK Maheshwari recommended Pancholi, Justice BV Nagarathna, the lone woman judge on the panel, recorded a rare note of dissent from the majority.
Why did Justice BC Nagarathna dissent
While differing from the others' recommendation, Nagarathna stated that Justice Pancholi’s appointment would be “counter-productive” to justice, and would put the credibility of the SC collegium at stake, as
reported
by HT earlier.
Nagarathna's
note of dissent
referenced Pancholi's earlier transfer from the Gujarat high court to the Patna high court. The dissent note highlighted that Justice Pancholi's transfer was not a routine move but was taken after due deliberation at the highest levels.
It stated that in the lead-up to the transfer, opinions had been sought from multiple judges, all of whom had concurred with the decision, Nagarathna, while underlining the transfer, called for the confidential minutes underpinning the 2023 transfer to be perused.
According to a one of the persons mentioned above, Justice Nagarathna's dissent was in relation to all-India seniority, with Justice Pancholi ranking 57th among high court judges across the nation. Nagarathna's opposition was therefore owing to her opinion that there were multiple other meritorious and senior judges who could be considered for elevation before Justice Pancholi.
According to a person familiar with the development, Nagarathna's dissent note also flagged that the Gujarat high court already had representation in the Supreme Court in justices JB Pardiwala and NV Anjaria. Therefore, recommending a third judge from the same high court would tip the the scales and create imbalance, with many other high courts remaining unrepresented or under-represented.
Reservations against Pancholi's elevation in May
In her detailed dissent opposing the collegium's decision, Nagarathna underlined the disagreement she had expressed in May, when the idea of elevating Pancholi had first been brought up. Nagarathna and another member of the collegium had, at that time, opposed the elevation.
Following this, Justice NV Anjaria was elevated to the top court in May, on account of his seniority to Justice Pancholi in the Gujarat high court. This was also done to ensure that the Gujarat high court continued to be represented in the apex court following Justice Bela M Trivedi’s retirement in June.
Thus, Nagarathna highlighted her surprise at the proposal for Pancholi's elevation three months later, having believed it to be shelved. She also noted in her written dissent that on Justice Pancholi's appointment, he would now be in line to become the Chief Justice of India from October 2031 to May 2033. This, in her view, would not be in the judiciary's interests, given the concerns raised by her.
Supreme Court
Collegium
Get Latest real-time updates on
India News
,
Weather Today
,
Latest News
with including
Bihar Chunav
on Hindustan Times.
Get Latest real-time updates on
India News
,
Weather Today
,
Latest News
with including
Bihar Chunav
on Hindustan Times.
News
/
India News
/
'Counter-productive': Why did Justice Nagarathna dissent on Pancholi’s elevation to SC by collegium?
See Less
SHARE THIS ARTICLE ON"
https://www.hindustantimes.com/india-news/jammu-rain-several-trains-including-katra-new-delhi-vande-bharat-cancelled-101756207706783.html,"Several trains, including Katra-New Delhi Vande Bharat, cancelled amid heavy rains in Jammu
By
HT News Desk
Updated on: Aug 26, 2025 05:30 pm IST
Share Via
Copy Link
With heavy downpour continuing in Jammu for the fourth consecutive day, several rivers, including Tawi and Chenab, are flowing near or above the danger mark.
Amid heavy rains in Jammu, the Northern Railways have cancelled more than 10 train services as a precautionary measure, an official statement said.
Several rivers, including Tawi and Chenab, are flowing near or above the danger mark. (PTI Photo)
The trains cancelled include the Katra-New Delhi Vande Bharat (22440), Katra-New Delhi Shri Shakti Express (22462), Katra-Delhi Sarai Rohilla AC Express and Katra-Rishikesh Hemkund Express (14610).
Meanwhile, General Manager of the Northern Railways and Divisional Railway Manager, Jammu, are currently in Pathankot with technical teams, and are constantly monitoring the situation.
With heavy downpour continuing in Jammu for the fourth consecutive day, several rivers, including Tawi and Chenab, are flowing near or above the danger mark. This had led to a number of low-lying areas and roads in the city and elsewhere submerging, officials said.
The rains have led to at least four deaths in separate rain-related incidents in Doda, with visuals of flash floods emerging amid reports of a cloudburst, which were denied by the district collector.
Landslides and mudslides also resulted in the closure of multiple key roads, including the Jammu-Srinagar national highway. The traffic movement on the 250-km highway was also suspended as a precautionary measure on Tuesday morning. This followed incidents of shooting of stones from the hillocks at Chanderkote, Kela Morh and Battery Cheshma in Ramban district.
Jammu
Rain
Train Service
Get Latest real-time updates on
India News
,
Weather Today
,
Latest News
with including
Bihar Chunav
on Hindustan Times.
Get Latest real-time updates on
India News
,
Weather Today
,
Latest News
with including
Bihar Chunav
on Hindustan Times.
News
/
India News
/
Several trains, including Katra-New Delhi Vande Bharat, cancelled amid heavy rains in Jammu
See Less
SHARE THIS ARTICLE ON"
https://www.hindustantimes.com/india-news/greater-noida-dowry-murder-nikkis-father-refutes-instagram-reels-sparked-rift-in-family-101756204140577.html,"Noida dowry victim Nikki Bhati's father denies Insta reels link: ‘Her mother-in-law used it too’
By
HT News Desk
Updated on: Aug 26, 2025 08:26 pm IST
Read this news in brief form
Share Via
Copy Link
Nikki Bhati was allegedly set on fire by her husband, Vipin Bhati, during a domestic altercation.
The father of Nikki Bhati, who was allegedly set ablaze by her husband and in-laws in Greater Noida over dowry demands, has refuted claims that her daughter's social media activity led to a rift in the family.
Neighbours claimed that the Bhati family was also locked in disputes over Nikki (right) and her sister Kanchan's social media activity. Their father (left) have denied the accusation. (PTI and HT)
Nikki was allegedly set on fire on August 21 by her husband, Vipin Bhati, during a domestic altercation that the police have described as both “shocking” and “premeditated”. Four people, including Vipin, have been arrested in the case.
Neighbours claimed that the Bhati family was also locked in disputes over Nikki and her sister Kanchan's social media activity. According to them, the two sisters were active on Instagram and posted makeover reels that their husbands objected to.
Also Read |
Noida dowry case victim Nikki Bhati's family let in-laws cremate her: ‘Their last request’
However, speaking to PTI news agency, Nikki's father, Bhikhari Singh Payla, refuted the claims about social media, saying that Vipin's mother herself had an Instagram account.
""Vipin's mother used Instagram too. Reels are not the reason for Nikki's killing,"" he told PTI.
Payla also claimed that he invested his own money in the beauty parlour, which his daughters ran from their home. He also accused Vipin of being jobless.
Also Read |
Noida dowry case accused was booked in 2024 on being ‘caught with girl’
""I paid
₹
1.5 lakh for it. My daughter was running the parlour and was using that money towards her son's education. Vipin had no job. Those who are raising questions against my daughter should tell what Vipin did. Did he do any job? Are there any salary slips?"" Nikki's father said to PTI.
What investigators in the case found
As
reported by HT
, investigators familiar with the case details said that Nikki’s murder was the culmination of months of hostility over her wish to run a beauty parlour and her active presence on Instagram, where she regularly posted reels with her sister, Kanchan.
On the day of the incident, police said, Nikki again asked her husband to allow her to reopen the parlour she co-owned. Vipin refused, insisting that “women in the family are not allowed to run businesses or create social media content.”
Also Read |
Twist in Noida dowry case as CCTV video surfaces claiming accused 'wasn't at scene'; cops to verify
The quarrel escalated until, police allege, Vipin doused Nikki with a flammable liquid and set her ablaze in cold blood.
Nikki, a resident of Sirsa village in Kasna, suffered extensive burns and was rushed first to two private hospitals before being shifted to Delhi’s Safdarjung Hospital, where she died. Her post-mortem confirmed death due to burn injuries.
According to police, Vipin confessed to the crime and chillingly told investigators that he had “no remorse.” He had previously vandalised Nikki’s parlour in February in what officers say was part of a pattern of violent opposition to her independence.
Dowry Death
Greater Noida
Get Latest real-time updates on
India News
,
Weather Today
,
Latest News
with including
Bihar Chunav
on Hindustan Times.
Get Latest real-time updates on
India News
,
Weather Today
,
Latest News
with including
Bihar Chunav
on Hindustan Times.
News
/
India News
/
Noida dowry victim Nikki Bhati's father denies Insta reels link: ‘Her mother-in-law used it too’
See Less
SHARE THIS ARTICLE ON"
https://www.hindustantimes.com/india-news/mamata-says-2-26-lakh-pattas-for-building-homes-ensured-in-her-regime-101756213059900.html,"Mamata says 2.26 lakh pattas for building homes ensured in her regime
PTI |
Published on: Aug 26, 2025 06:27 pm IST
Read this news in brief form
Share Via
Copy Link
Mamata says 2.26 lakh pattas for building homes ensured in her regime
Bardhaman , Affirming her commitment to social welfare for the poor, West Bengal Chief Minister Mamata Banerjee on Tuesday said since coming to power in 2011, her government has given 2.26 lakh pattas for building homes across the state, ensuring the right of land to one living on a plot for years.
Mamata says 2.26 lakh pattas for building homes ensured in her regime
During the TMC regime, the state has been able to provide water supply to 76 per cent of rural areas and 78 per cent of urban areas and cover rest of the areas soon, she said.
Addressing a public function on the distribution of land deeds here in Purba Bardhaman district here, the CM said, ""We believe in following up on our promises.""
""After 2011, we provided 2.26 lakh home pattas, 1.80 lakh agricultural land pattas, and over 47,000 forest pattas across the state. In Purba Bardhaman alone, 28,840 pattas, 832 refugee pattas and 1,443 forest pattas have been distributed. We will give another 24,000 pattas in the coming days. Many projects are underway here,"" she said.
The chief minister said her government will transform all mud houses into pucca ones.
She alleged that the Centre has stopped sending funds for various schemes like MGNREGA, Gram Sadak Yojana and Banglar Bari housing programme.
“Despite this, we have built 47 lakh houses. For 12 lakh houses, we have already provided funds for upgradation into permanent structures. The remaining 16 lakh houses will receive the first instalment in December and the second one in June,"" she said.
Noting that a number of mud houses have been destroyed during the monsoon, Banjerjee asked people not to worry.
“I will tell the district magistrates to prepare the list of such destroyed houses and send it to the chief secretary. We will launch a separate programme for his. This is an additional initiative outside the 28 lakh houses that are already being constructed,"" the CM said.
Regarding the contentious OBC reservation, she said, ""We have not slashed the general quota. There is a separate fund for that so that general category students do not face any trouble.""
This article was generated from an automated news agency feed without modifications to text.
Mamata Banerjee
Get Latest real-time updates on
India News
,
Weather Today
,
Latest News
with including
Bihar Chunav
on Hindustan Times.
Get Latest real-time updates on
India News
,
Weather Today
,
Latest News
with including
Bihar Chunav
on Hindustan Times.
News
/
India News
/
Mamata says 2.26 lakh pattas for building homes ensured in her regime
See Less
SHARE THIS ARTICLE ON"
https://www.hindustantimes.com/india-news/watch-jammu-temple-famous-for-mega-sized-idols-submerged-as-tawi-river-rises-natural-ganesh-visarjan-101756212934346.html,"Watch | Jammu temple famous for mega-sized idols submerged as Tawi river rises: ‘Natural Ganesh visarjan’
By
HT News Desk
Updated on: Aug 26, 2025 06:46 pm IST
Share Via
Copy Link
A user on X posted a video and referred to the the traditional immersion of the deity's idol, scheduled for August 26, Wednesday, this year
The rising levels of Tawi river amid incessant and heavy rain in Jammu on Tuesday all but submerged the Har Ki Pauri temple, multiple reports and videos on social media showed. It is known for mega-sized idols of Hindu gods, including those of Lord Ganesh and Lord Hanuman.
Videos on X showed the idols of Lord Ganesh and other deities submerged, at Har Ki Pauri temple in Jammu. (X/@rebelliousdogra)
A user on X shared the before and after shots, and termed it “natural Ganesh
visarjan
”, referring to the traditional immersion of the deity's idol on
Ganesh Chaturthi
which falls on August 26, Wednesday, this year.
News agency PTI also shared a video of the submerged temple.
Meanwhile,
on the Mata Vaishno Devi shrine trek
, five people were killed when a landslide struck near Ardhkuwari. Nine lives have so far been lost in rain-related mishaps in the region.
Follow the updates here
Since Monday night, relentless heavy rain has pounded the Jammu region, and almost all water bodies are flowing above the danger mark.
After multiple bridges over the Tawi collapsed or were party damaged, a bridge over the over Devak river on the Jammu-Pathankot national highway-44 at Vijaypur was also damaged.
Traffic movement remained suspended on the highway.
Lord Ganesh
Jammu
Monsoon
Rain
Get Latest real-time updates on
India News
,
Weather Today
,
Latest News
with including
Bihar Chunav
on Hindustan Times.
Get Latest real-time updates on
India News
,
Weather Today
,
Latest News
with including
Bihar Chunav
on Hindustan Times.
News
/
India News
/
Watch | Jammu temple famous for mega-sized idols submerged as Tawi river rises: ‘Natural Ganesh visarjan’
See Less
SHARE THIS ARTICLE ON"
