url,content
https://timesofindia.indiatimes.com/india/bills-on-removal-of-tainted-netas-kapil-sibal-counters-amit-shahs-morality-pitch-has-any-bjp-minister-been-arrested/articleshow/123527522.cms,"Weather
Sign In
News
India News
Bills on removal of 'tainted' netas: Kapil Sibal counters Amit Shah's 'morality pitch';  'Has any BJP minister been arrested?'
Bills on removal of 'tainted' netas: Kapil Sibal counters Amit Shah's 'morality pitch';  'Has any BJP minister been arrested?'
TOI News Desk
/ TIMESOFINDIA.COM /
Aug 26, 2025, 20:26 IST
Share
AA
+
Text Size
Small
Medium
Large
The proposed Constitution (130th Amendment) Bill, 2025, intended to automatically remove arrested leaders, faces opposition accusations of being a tool to destabilize non-BJP governments. Kapil Sibal criticized the government's ""constitutional morality"" pitch citing instances of alleged misuse of investigative agencies like the ED against opposition leaders.
NEW DELHI: Union home minister
Amit Shah
's ""morality pitch"" to back the Constitution (130th Amendment) Bill, 2025 met a strong counter from Rajya Sabha MP
Kapil Sibal
who accused the Modi government of ""weaponising"" laws to target the opposition.
""I don't think in the history of India, there has been a government which is more constitutionally immoral than this government. Can the home minister talk about constitutional morality after the way the governments in Maharashtra, Uttarakhand, Karnataka, Goa and Madhya Pradesh, among other places, were toppled,"" Sibal claimed. ""You can fool some people sometimes but you cannot fool all the people all the time,"" the Independent Rajya Sabha member added.
On the last day of the Monsoon Session of Parliament, Amit Shah had introduced the Constitution (130th Amendment) Bill - which proposes automatic removal of Prime Minister, chief ministers and ministers if they are arrested and detained for 30 consecutive days on charges punishable by five years or more imprisonment. The three bills - Government of Union Territories (Amendment) Bill 2025; the Constitution (One Hundred And Thirtieth Amendment) Bill 2025; and the Jammu and Kashmir Reorganisation (Amendment) Bill 2025 - were referred to a Joint Parliamentary Committee.
Amit Shah strongly defended the bills stating they were aimed at upholding ""constitutional morality"" and public trust. The Union home minister also emphasised that the bills would apply equally to all leaders, including those from the ruling party.
However, his assurances failed to convince the opposition. Sibal reacted sharply to Shah's remarks and claimed that ""constitutional morality has nothing to do with their own morality"" and has everything to do with the morality of the opposition.
""I was surprised by the home minister’s (Amit Shah) remark that the bill was introduced for morality. The home minister should stop talking about morality and tell the public if any BJP government minister has been arrested and jailed even for a day,"" he said.
Earlier, Congress president Mallikarjun Kharge had alleged that the BJP planned to use the Bills to engage in ""satta chori"" so that it could ""topple opposition governments within 30 days"" and ""destabilise"" democracy by using arrest as a weapon.
So, why is the opposition against the proposed legislation?
The opposition claims the proposed law can be used as a tool to bring down non-BJP governments. Sibal claimed that no minister in the BJP governments at the Centre or in states have been arrested in the last 10 years while probe agencies had targeted opposition leaders one after the another.
The former Union law minister cited the examples of AAP leaders Arvind Kejriwal, Satyendar Jain and Manish Sisodia, the Congress' P Chidambaram, D K Shivakumar and Alamgir Alam, and JMM's Hemant Soren, among others, saying they had been arrested for over a month and then got bail much later, with the trial not concluding even after years.
""No trial is complete. The home minister knows that when the PMLA and CBI get after them, nobody is granted bail. Even the Supreme Court had remarked -- why trial courts are not granting bail. And in the meantime, your political career is destroyed. The whole purpose of these laws is to weaponise laws for destabilising governments of opposition parties,"" Sibal alleged.
NCP (SP) leader Rohit Pawar fears the Bill would be misused to target politicians of opposition parties.
""The government uses investigative agencies like the Enforcement Directorate (ED) for political vendetta rather than genuine anti-corruption efforts. There are many BJP leaders on whom we have proved corruption, but the government is doing nothing about it,"" the NCP(SP)leader says and adds: ""98 per cent of the ED's actions are targeted against the opposition.
It's no longer an independent body, it’s working on behalf of the government.
It was expected to work against corruption across the board, not just the opposition,"" the NCP(SP) leader said.
Pending cases against non-BJP ministers and ex-chief ministers:
Jitender Tomar of the Aam Aadmi Party was arrested in 2015, and he is still facing trial after the lapse of 10 years, he said.
Madan Mitra of the Trinamool Congress was arrested in 2014, got bail in 2016, and is facing trial now, after 11 years.
Nawab Malik of the Nationalist Congress Party spent 18 months in judicial custody, after his arrest in 2022, before getting bail.
AAP leader and former Delhi Minister Satyendra Kumar Jain remained in jail for 18 months after his arrest in 2022. Jain got bail in 2024, and a closure report in the case has been filed by the CBI now.
Former Delhi deputy chief minister Manish Sisodia, spent 17 months in jail
Jharkhand CM Hemant Soren spent five months in jail
Former Delhi chief minister Arvind Kejriwal spent six months in jail
Former Union minister and Congress leader P Chidambaram spent 106 days in jail in 2016.
Sibal cited these examples to slam Amit Shah’s claim of speedy justice in matters related to jailed ministers.
Is there merit in this criticism against ED?
In March this year, the Union government had informed Parliament that the ED had registered 193 cases against political leaders over the past ten years.
Of these, just two cases led to convictions, while no case resulted in an acquittal on merits.
https://timesofindia.indiatimes.com/india/only-2-convictions-in-193-ed-cases-against-politicians-in-10-years-centre/articleshow/119217677.cms
According to the data, the highest number of such cases, 32, were lodged between April 2022 and March 2023. The second highest, 27, were recorded between April 2020 and March 2021, and again between April 2023 and March 2024.
Additionally, 26 cases were registered in both 2019-2020 and 2021-2022.
The government, however, denied any vendetta and said: ""The financial crimes probe agency takes up cases “based on credible material and not political affiliations, religion or otherwise.”
What SC had said about ED
The Supreme Court had earlier this year made some very strong observations about the functioning of the Enforcement Directorate.
The top court had reminded the central agency that it must function strictly within the bounds of the law and said: ""You can’t act like a crook.""
Highlighting concerns about the agency’s low conviction rate, Justice Ujjal Bhuyan had said: ""You can't act like a crook, you have to act within the four corners of the law. I observed in one of my judgments that ED has registered around 5,000 ECIRs (enforcement case information report) in the past five years but the conviction rate is less than 10 per cent. We are also concerned about ED’s image. After 5–6 years of custody, if people are acquitted, who takes responsibility?”
While the government's intent of not allowing politicians to run governments from jail is indeed praiseworthy, the track record of investigative agencies, especially the ED, gives credence to opposition claims that the proposed legislation will be used to target them. What's more - the opposition claims that the BJP can use these Bills to target even its allies - Chandrababu Naidu and Nitish Kumar - in future.
(With inputs from agencies)
About the Author
TOI News Desk
The TOI News Desk comprises a dedicated and tireless team of journalists who operate around the clock to deliver the most current and comprehensive news and updates to the readers of The Times of India worldwide. With an unwavering commitment to excellence in journalism, our team is at the forefront of gathering, verifying, and presenting breaking news, in-depth analysis, and insightful reports on a wide range of topics. The TOI News Desk is your trusted source for staying informed and connected to the ever-evolving global landscape, ensuring that our readers are equipped with the latest developments that matter most.""
Read More"
https://timesofindia.indiatimes.com/india/bihar-to-provide-free-land-interest-subvention-of-up-to-rs-40-cr-to-investors-under-new-policy-cm-nitish-kumar/articleshow/123528405.cms,"Weather
Sign In
News
India News
Bihar to provide free land, interest subvention of up to Rs 40 cr to investors under new policy: CM Nitish Kumar
Bihar to provide free land, interest subvention of up to Rs 40 cr to investors under new policy: CM Nitish Kumar
PTI /
Aug 26, 2025, 20:12 IST
Share
AA
+
Text Size
Small
Medium
Large
Bihar government unveiled the 'Bihar Industrial Investment Promotion Package 2025' to boost industrial growth and create jobs. The policy offers free land allocation and interest subvention up to Rs 40 crore for investors. Units investing over Rs 100 crore or Fortune 500 companies can get free land.
PATNA: The Bihar government on Tuesday announced a new policy under which free land and interest subvention of up to Rs 40 crore would be provided to those investing in the industrial sector.
Chief minister Nitish Kumar asserted that the 'Bihar Industrial Investment Promotion Package 2025 (BIPPP-2025)' will boost industrial growth in the agrarian state and provide jobs to around 1 crore youth over the next five years.
""To encourage industries in Bihar, the government has implemented the new Bihar Industrial Investment Promotion Package 2025 (BIPPP-2025) after the BIADA Amnesty Policy 2025. Under this, interest subvention of up to Rs 40 crore will be provided to the investors,"" he said in an X post.
The new policy was approved by the state cabinet in a meeting chaired by Kumar during the day.
""Under the new industrial package, free land allocation will be done to promote investment. Industrial units investing more than Rs 100 crore and creating more than 1,000 direct jobs will be allocated up to 10 acres of land free of cost. Industrial units investing more than Rs 1,000 crore will be allocated up to 25 acres of land free of cost.
Fortune 500 companies will be allocated up to 10 acres of land free of cost,"" the CM added.
To avail of the benefits under this industrial package, investors will be required to apply before March 31, 2026.
""This new industrial package will help provide jobs and employment to 1 crore youth in 5 years. The objective of this initiative is to further promote industries in Bihar, make the youth of the state skilled and self-reliant, enable them to get maximum employment within the state itself, and secure their future,"" Kumar said.
For new units, reimbursement of net State Goods and Services Tax (SGST) up to 300 per cent of the approved project cost will be given for 14 years, capital subsidy of up to 30 per cent will be provided and the limit for export promotion will be Rs 40 lakh per year for a period of 14 years, he said.
""Additionally, assistance will be provided for skill development, environmental protection, use of renewable energy, reimbursement of stamp duty, and land conversion fees, support to private industrial parks, and patent registration and quality certification,"" the CM added.
Assembly elections are due in Bihar later this year."
https://timesofindia.indiatimes.com/india/india-likely-to-sign-usd-one-billion-fighter-jet-engine-deal-with-american-firm-ge-by-september/articleshow/123528036.cms,"Weather
Sign In
News
India News
India likely to sign USD one billion fighter jet engine deal with American firm GE by September
India likely to sign USD one billion fighter jet engine deal with American firm GE by September
ANI /
Aug 26, 2025, 19:44 IST
Share
AA
+
Text Size
Small
Medium
Large
Soon after the Centre cleared a Rs 62,000 crore deal to buy 97 more LCA Mark 1A fighter aircraft, India is close to signing a deal of around USD one billion with the American firm GE for supplying 113 more GE-404 engines for the indigenous combat aircraft.
ANI image
NEW DELHI: Soon after the Centre cleared a Rs 62,000 crore deal to buy 97 more LCA Mark 1A fighter aircraft, India is close to signing a deal of around USD one billion with the American firm GE for supplying 113 more GE-404 engines for the indigenous combat aircraft.
Indian state-owned firm Hindustan Aeronautics Limited has already inked a deal for 99 GE-404 engines with the American firm for the initial 83 LCA Mark 1A fighter jets ordered by the Indian Air Force and these 113 would be in addition to that.
The negotiations are almost finalised for buying 113 more GE-404 engines from the American firm GE for the 97 LCAs. The deal is likely to be finalised by September this year, defence officials told ANI.
The deal is expected to help HAL to get its complete requirement of 212 GE-404 engines in continuity, avoiding any types of delays in engine supplies.
The HAL is working to supply the first 83 aircraft by the end of 2029-30 and the next batch of 97 LCA Mark 1As by 2033-34, they said.
American GE is expected to supply two engines per month from now on to fulfill its commitment for the Indian programme.
The HAL is also negotiating a deal with GE for buying its GE-414 engines with 80 per cent transfer of technology.
The Indian side requires 200 GE-414 engines for its LCA Mark 2 and Advanced Medium Combat Aircraft (AMCA).
The around USD 1.5 billion deal is likely to be signed in the next few months, and negotiations for it have been going on for a long time now, the officials said.
The Indian side requires 162 engines for the LCA Mark 2 aircraft and 10 others for the five prototypes of the AMCA.
The programme will help the IAF to replace its fleet of MiG-21s, which are finally being phased out by the government in the next few weeks.
The indigenous fighter jet project is fully backed by the Defence Ministry, and Air Headquarters and is set to be a big boost for promoting indigenisation as well as give major business to the small and medium enterprises engaged in defence business across the country, defence officials said.
India is already working on an indigenous fighter aircraft engine project and will be working with the French firm Safran for it.
India aims to achieve self-reliance in the defence sector through indigenisation and is also acquiring technologies from various global sources."
https://timesofindia.indiatimes.com/india/scindia-ramdev-kangana-ranaut-among-dignitaries-at-rss-centenary-celebrations/articleshow/123527901.cms,"Weather
Sign In
News
India News
Scindia, Ramdev, Kangana Ranaut among dignitaries at RSS' centenary celebrations
Scindia, Ramdev, Kangana Ranaut among dignitaries at RSS' centenary celebrations
PTI /
Aug 26, 2025, 19:31 IST
Share
AA
+
Text Size
Small
Medium
Large
The RSS centenary celebrations commenced in New Delhi with dignitaries like Ramdev, KC Tyagi, Kangana Ranaut, Jyotiraditya Scindia, and Anupriya Patel in attendance. The three-day event, themed ""100 Years Journey of RSS: New Horizons,"" features RSS chief Mohan Bhagwat sharing his vision.
Baba Ramdev and Kangana Ranaut (File photo)
NEW DELHI: Yoga guru Ramdev, JDU leader KC Tyagi, Bollywood actor and BJP MP
Kangana Ranaut
and Union ministers
Jyotiraditya Scindia
and Anupriya Patel were among the dignitaries who attended the centenary celebrations of the Rashtriya Swayamsevak Sangh (RSS) on Tuesday.
The three-day programme, themed ""100 Years Journey of RSS: New Horizons"", began at Vigyan Bhawan here.
On the first day of the lecture series here, RSS chief
Mohan Bhagwat
shared his vision for the future of India and the role of 'swayamsevaks' (RSS volunteers) in shaping it. He will respond to questions from the participants on the third day of the event.
In a massive public outreach, the RSS has planned to organise several events, including more than one lakh 'Hindu sammelans', across the country to mark its centenary year, starting with Bhagwat's address at the organisation's headquarters in Nagpur on Vijaya Dashami, which falls on October 2 this year.
It also has plans to conduct a nationwide door-to-door public contact programme during its centenary year."
https://timesofindia.indiatimes.com/india/new-bjp-president-is-shivraj-singh-chouhan-leading-the-race-agriculture-minister-responds/articleshow/123527740.cms,"Weather
Sign In
News
India News
New BJP president: Is Shivraj Singh Chouhan leading the race? Agriculture minister responds
New BJP president: Is Shivraj Singh Chouhan leading the race? Agriculture minister responds
TOI News Desk
/ TIMESOFINDIA.COM /
Updated: Aug 26, 2025, 19:40 IST
Share
AA
+
Text Size
Small
Medium
Large
Union Agriculture Minister Shivraj Singh Chouhan is prioritizing agricultural production and farmer income. He dismissed speculations about becoming the next BJP president. Chouhan emphasized his dedication to his ministerial duties. He aims to boost rural development and empower women through self-help groups. He sees serving farmers as a form of worship. Chouhan's focus remains on his current responsibilities in the Modi government. JP Nadda's term as BJP president was previously extended.
Shivraj Singh Chouhan (ANI image)
NEW DELHI: Union agriculture minister
Shivraj Singh Chouhan
on Tuesday sidestepped questions about the possibility of him becoming the next BJP president, saying his focus in entirely on boosting agricultural production and improving farmers' income.
When asked about his reported meeting with
RSS
chief
Mohan Bhagwat
in New Delhi over the past weekend sparking speculation about a potential BJP president candidacy, Chouhan reiterated that he was focused on his ministerial duties, news agency PTI reported.
""I want to say one thing -- Prime Minister
Narendra Modi
has entrusted me with the responsibility of looking after ministries of Agriculture and Farmers Welfare and Rural Development. At this moment, agriculture is in every pore of my body and farmers are in my breath,” Chouhan said.
He added that, like the eyes of a bird, he had only one goal: to increase agricultural production, boost farmers’ income, develop rural areas and create more Lakhpati Didis.
A Lakhpati Didi refers to a member of a self-help group (SHG) whose household earns over Rs 1 lakh annually.
When pressed further about the BJP president post, Chouhan said, “Neither have I ever thought of it, nor has anyone told me. I can't even think of it.
I am the Agriculture and Rural Development Minister. I am doing this work like worship. Serving farmers is worship of God for me and I want to keep doing this worship.”
Chouhan, 66, a prominent OBC leader, has served as chief minister of Madhya Pradesh four times and is known for his strong grassroots connect.
After leading the BJP to a decisive victory in the November 2023 Madhya Pradesh assembly elections, he resigned from the state assembly and won the 2024 Lok Sabha polls from Vidisha, subsequently joining Prime Minister Modi’s third-term Cabinet.
The three-year term of the current BJP president, JP Nadda, had ended around two years ago. His tenure was extended later.
About the Author
TOI News Desk
The TOI News Desk comprises a dedicated and tireless team of journalists who operate around the clock to deliver the most current and comprehensive news and updates to the readers of The Times of India worldwide. With an unwavering commitment to excellence in journalism, our team is at the forefront of gathering, verifying, and presenting breaking news, in-depth analysis, and insightful reports on a wide range of topics. The TOI News Desk is your trusted source for staying informed and connected to the ever-evolving global landscape, ensuring that our readers are equipped with the latest developments that matter most.""
Read More"
https://timesofindia.indiatimes.com/india/oberoi-hotel-row-tdp-says-swap-done-to-safeguard-religious-sentiments-claims-allotment-done-by-previous-government/articleshow/123527027.cms,"Weather
Sign In
News
India News
Oberoi hotel row: TDP says swap done to safeguard religious sentiments; claims allotment done by previous government
Oberoi hotel row: TDP says swap done to safeguard religious sentiments; claims allotment done by previous government
TOI News Desk
/ TIMESOFINDIA.COM /
Aug 26, 2025, 18:50 IST
Share
AA
+
Text Size
Small
Medium
Large
The Telugu Desam Party (TDP) refuted YSRCP's claims about land allocation to Oberoi Hotels, clarifying the initial allotment was made in 2021. Following protests and TTD's request, the TDP government cancelled the original allotment to Mumtaz Hotels, offering alternative land. The government aims to protect investor interests while respecting religious sentiments, according to TDP spokesperson Jyothsna Tirunagari.
Jyothsna Tirunagari (Image: X/jyothsna_tdp) and B Karunakar Reddy (File photo)
NEW DELHI: The
Telugu Desam Party
(TDP) on Tuesday refuted claims by the YSR Congress Party (YSRCP) regarding land allocation to Oberoi Hotels, saying the allotment was made by the previous government in 2021.
TDP national spokesperson Jyothsna Tirunagari dismissed allegations by senior YSRCP leader B Karunakar Reddy that chief minister
N Chandrababu Naidu
“conspired” to hand over valuable Tirumala Tirupati Devasthanams (TTD) property to Oberoi Hotels. She accused former CM
Jagan Mohan Reddy
of creating a “false narrative” aimed at deterring investors from the state.
According to Tirunagari, the YSRCP government, in November 2021 through GO No 24, allotted 20 acres of a 50-acre plot owned by the Tourism Department to the Oberoi Group for developing a resort.
The allotment was made in the name of Oberoi’s Special Purpose Vehicle, Mumtaz Hotels Ltd.
However, protests arose from some groups citing religious objections to the allotment. After the TDP-led NDA government assumed office, the TTD requested that the allotment be cancelled to ensure the land was used only for purposes respecting the sanctity and spirituality of Tirumala.
Following a review, Naidu’s government cancelled the allotment to Mumtaz Hotels in August 2025 through a government order and provided an alternative piece of land for the project.
""It is very clear that the state government led by Chandrababu Naidu is very keen on two issues. One safeguard the interests of the investors who are trying to come, intend to invest in
Andhra Pradesh
and also at the same time taking into consideration the religious sentiments of the people,"" Tirunagri said.
She added that the tourism department had acquired alternate land for the Oberoi Group and the allotment had been approved by the State Investment Promotion Committee in its meeting on August 22.
YSRCP leader Karunakar Reddy had claimed on Sunday that 20 acres of prime TTD land in Tirupati, valued at Rs 1,500 crore, was exchanged for lower-value rural land, resulting in an alleged loss of Rs 1,000 crore.
He accused Naidu of masterminding a conspiracy to surrender valuable TTD property to Oberoi Hotels under the guise of a land exchange.
The TTD, however, rejected these allegations, describing them as “incorrect and misleading” regarding the land allotments.
About the Author
TOI News Desk
The TOI News Desk comprises a dedicated and tireless team of journalists who operate around the clock to deliver the most current and comprehensive news and updates to the readers of The Times of India worldwide. With an unwavering commitment to excellence in journalism, our team is at the forefront of gathering, verifying, and presenting breaking news, in-depth analysis, and insightful reports on a wide range of topics. The TOI News Desk is your trusted source for staying informed and connected to the ever-evolving global landscape, ensuring that our readers are equipped with the latest developments that matter most.""
Read More"
https://timesofindia.indiatimes.com/india/100-per-cent-fake-only-to-divert-attention-from-pm-modis-fake-degree-atishi-criticises-aap-leader-saurabh-bharadwajs/articleshow/123527167.cms,"Weather
Sign In
News
India News
'100 per cent fake, only to divert attention from PM Modi's fake degree': Atishi criticises AAP leader Saurabh Bharadwaj's
'100 per cent fake, only to divert attention from PM Modi's fake degree': Atishi criticises AAP leader Saurabh Bharadwaj's
ANI /
Aug 26, 2025, 18:48 IST
Share
AA
+
Text Size
Small
Medium
Large
AAP leader Atishi has denounced the ED raids on Saurabh Bharadwaj's residence as a fabricated attempt to divert attention from questions surrounding PM Modi's education degree. She asserted that the raids, linked to alleged irregularities in hospital construction, are baseless and intended to intimidate the AAP, emphasizing the party's integrity and resilience against such actions.
NEW DELHI:
Aam Aadmi Party
(AAP) leader
Atishi
alleged that the ""ridiculous"" raids by the
Enforcement Directorate
on party leader Saurabh Bharadwaj's residence on Tuesday morning were ""100 per cent fake"" and a strategy to divert attention from the row over
Prime Minister Narendra Modi
's education degree.
""These raids are 100% fake because at the time when this matter pertained, Saurabh Bharadwaj was not even a minister. He became a minister two years later. This is ridiculous... These raids are fake and a strategy to divert attention from PM Modi's fake degree issue. This is to threaten the AAP. The AAP has not committed a single rupee of corruption... No matter how many raids are conducted, AAP is 'Kattar Imaandar'...
We are not scared of these raids..."" Atishi said while addressing a press conference in the national capital today.
Atishi further asked why Delhi University did not want to take pride in the PM being their alumni.
""An RTI activist got an order from the CIC that the Delhi University must show PM Modi's degree. Instead of showing the degree, the university went to the High Court against the CIC order... The entire nation wants to know why the university does not take pride in the fact that its student is the Prime Minister...
The entire nation was talking about this. To divert attention from this issue, fake ED raids are being conducted at Saurabh Bharadwaj's residence.
.."" she further said.
The ED today conducted searches at the residence of former Delhi Health Minister Saurabh Bhardwaj in connection with a money laundering probe linked to alleged irregularities in hospital construction projects in the national capital.
The raids began early morning at 13 locations, including Bhardwaj's residence, across the Delhi-NCR region, based on a certain tip-off in connection with the case.
The search operations were carried out under Section 17 of the Prevention of Money Laundering Act, 2002 (PMLA)."
https://timesofindia.indiatimes.com/india/noida-dowry-case-cctv-shows-husband-outside-house-at-time-of-death/articleshow/123512649.cms,"Weather
Sign In
News
India News
Noida dowry case: CCTV 'shows husband outside house' at time of death
Noida dowry case: CCTV 'shows husband outside house' at time of death
Advitya Bahl
/ TNN /
Updated: Aug 26, 2025, 10:59 IST
Share
AA
+
Text Size
Small
Medium
Large
Representational photo (Instagram/Vipin Bhati)
Noida: The investigation into the death of 26-year-old Nikki Bhati, in which her husband Vipin is the prime accused and has been charged with murder, has taken a turn. CCTV footage that emerged on Monday purportedly shows Vipin standing at a grocery shop outside their Greater Noida house at the time when Nikki was allegedly attacked on Aug 21 evening.
The footage, from a shop diagonally opposite from the Bhati house in Sirsa village, has prompted police to revisit the timeline and scrutinise videos of the alleged assault shared by Nikki's family. These videos, including one in which Nikki is seen purportedly staggering down the stairs with her torso on fire, were taken by her sister Kanchan, who lives in the same house and is married to Vipin's younger brother Rohit.
On Monday, police made two more arrests, taking into custody Vipin's father Satveer and Rohit, both of whom had been absconding since the alleged murder.
Poll
Do you think CCTV evidence plays a crucial role in solving such cases?
Yes, it helps uncover the truth
No, it can be misleading sometimes
'Couple had a heated row just before incident'
Vipin and his mother Daya were arrested on Sunday. Vipin, who allegedly tried to flee cops while he was being taken to the crime scene, was shot in the leg in an encounter.
The time stamp on the footage from the camera that purportedly shows Vipin and his six-year-old son standing on the road puts him at the grocery store at the time of the alleged assault, which - according to the complaint from Nikki's family and the time recorded on the video shared by Kanchan of Nikki engulfed in flames - is 5.45pm, police sources said.
In the CCTV clip, the man, believed to be Vipin wearing a check shirt and blue trousers, is seen standing near a white car parked on the main road outside the house at 5.42pm. A boy joins him, apparently holding a rope that he tugs several times. The man lingers, glancing down the road and chatting with two or three boys. Suddenly, at 5.47pm, a commotion appears to erupt. The man in the check shirt sprints towards the house, followed closely by an older man who also rushes inside.
Moments later, the younger man emerges again, gesturing to bystanders who gather. He is seen talking to a man in shorts as the crowd swells. At 5.48pm, the man gets into the white car, briefly steps out, and then reverses the vehicle into the lane as more people gather.
Devendra, Vipin's cousin, claimed that Nikki suffered burns from a cylinder blast in the kitchen. ""The shop where Vipin is standing is opposite their house.
I heard Vipin shouting about rushing Nikki to hospital. Everyone was shouting about Nikki being injured in a fire. If you see the footage, you'll see me walking out of my shop in shorts after Vipin. I downed the shutters and drove the car. Along with uncle and aunty (Daya and Satveer), I took Nikki to hospital.
She told us there was a cylinder blast inside the house and kept asking for water all the way to the hospital as she couldn't breathe.
We took her to Fortis Hospital, where she also told the doctor about a cylinder blast,"" he said.
A senior officer said the timing of the footage and that of videos shared by Nikki's family need to be matched. ""We will cross-check a few things, especially the time span. We are anyway verifying the contents of the footage and the video handed over to us by Kanchan as the main evidence. Footage from the hospital where Nikki was taken to initially needs to be examined too,"" he told TOI.
Devendra's version conflicts with that of Kanchan, who alleged her sister was set on fire. In one of the videos posted by Kanchan on her YouTube channel, Vipin is seen dragging Nikki by the hair and taunting her to ""make a video"". Another brief video shows Nikki engulfed in flames. According to Vipin's relatives, the clips are from last winter, not Aug 21.
Police said they would probe all possibilities, including dowry harassment, domestic violence and suicide.
""The accused, the husband, father-in-law, mother-in-law and brother-in-law, have all been arrested,"" said Sudhir Kumar, additional DCP, Greater Noida.
Investigators have learned that tension started after Nikki and Kanchan opened a beauty parlour at home. The family allegedly opposed the venture, but Nikki persisted. Relations deteriorated further in 2024 after Nikki discovered Vipin's affair with a woman from Jarcha, who later filed a police case against him for physical abuse. In the days leading up to Nikki's death, the couple was not on talking terms, living in separate rooms, sources said.
""The couple had a heated argument minutes before the incident, during which Vipin allegedly slapped Nikki several times,"" a police source said.
About the Author
Advitya Bahl
Advitya Bahl is a crime reporter with the Times of India's Noida edition.  With nearly a decade of experience covering both high and medium level criminal cases, court trials, and police investigations, he has built sources within the beat with reputation, integrity, and impactful storytelling. Advitya's  work sheds light on systemic flaws in law enforcement and brings voices to the fore.
Read More"
https://timesofindia.indiatimes.com/india/assam-dibrugarh-guwahati-indigo-flight-carrying-cm-himanta-biswa-sarma-diverted-officials-confirm/articleshow/123484354.cms,"Weather
Sign In
News
India News
Assam: Dibrugarh-Guwahati IndiGo flight carrying CM Himanta Biswa Sarma diverted; officials confirm
Assam: Dibrugarh-Guwahati IndiGo flight carrying CM Himanta Biswa Sarma diverted; officials confirm
TOI News Desk
/ TIMESOFINDIA.COM /
Updated: Aug 24, 2025, 18:25 IST
Share
AA
+
Text Size
Small
Medium
Large
NEW DELHI: An IndiGo flight from Dibrugarh to Guwahati carrying Assam chief minister
Himanta Biswa Sarma
was diverted to Agartala on Sunday after bad weather prevented it from landing in Guwahati, the chief minister’s office (CMO) said.
Earlier in the day, IndiGo issued a travel advisory highlighting the weather situation in Guwahati. ""Persistent rainfall and thunderstorms are currently affecting Guwahati, impacting flight operations,"" the airline said.
It added, ""Our teams are closely monitoring the situation to ensure your journey resumes as soon as conditions improve. If you’re travelling today, we recommend checking your flight status on our website or app before leaving for the airport. Please also allow for additional travel time, as road conditions may be slower than usual.""
This is a developing story
About the Author
TOI News Desk
The TOI News Desk comprises a dedicated and tireless team of journalists who operate around the clock to deliver the most current and comprehensive news and updates to the readers of The Times of India worldwide. With an unwavering commitment to excellence in journalism, our team is at the forefront of gathering, verifying, and presenting breaking news, in-depth analysis, and insightful reports on a wide range of topics. The TOI News Desk is your trusted source for staying informed and connected to the ever-evolving global landscape, ensuring that our readers are equipped with the latest developments that matter most.""
Read More"
https://timesofindia.indiatimes.com/india/ed-raids-aap-leader-saurabh-bharadwaj-what-is-delhi-hospital-construction-scam-all-you-need-to-know/articleshow/123518581.cms,"Weather
Sign In
News
India News
ED raids AAP leader Saurabh Bharadwaj: What is Delhi hospital construction 'scam'? All you need to know
ED raids AAP leader Saurabh Bharadwaj: What is Delhi hospital construction 'scam'? All you need to know
TOI News Desk
/ TIMESOFINDIA.COM /
Updated: Aug 26, 2025, 12:34 IST
Share
AA
+
Text Size
Small
Medium
Large
NEW DELHI: The Enforcement Directorate on Tuesday conducted searches at the residence of Aam Aadmi Party leader and former Delhi minister Saurabh Bharadwaj in connection to the alleged hospital construction scam.
According to officials, the searches were conducted across 13 locations after an enforcement case information report was filed against the former health minister along with private contractors and unknown government officials.
Reacting to ED's action against Bharadwaj, former chief minister Atishi said that the raids were conducted to ""divert attention"" from the discussion of Prime Minister Narendra Modi's ""fake degree.""
""Why was there a raid at Saurabh ji's place today? Because questions are being raised across the country about Modi ji's degree — is Modi ji's degree fake? The raid was conducted to divert attention from this discussion,"" Atishi wrote on X.
Poll
Do you trust the findings of the Enforcement Directorate in this case?
Yes, they are reliable
No, they are biased
""The case being cited pertains to a time when Saurabh ji wasn’t even a minister. This means the entire case is baseless. Satyendra ji was also kept in jail for three years, and ultimately, the CBI/ED had to submit a closure report.
This clearly shows that all the cases against Aam Aadmi Party leaders are nothing but lies and politically motivated,"" she added.
What is hospital construction 'scam'
The Anti-Corruption Branch of Delhi Police had registered a case against Bharadwaj and Satyendar Jain, besides some govt officials and private contractors, alleging large-scale corruption in Delhi govt's health infrastructure projects.
The investigation is claimed to have revealed massive irregularities, unexplained delays and significant misappropriation of funds in the construction of various hospitals, polyclinics and ICU infrastructure across the city.
The FIR filed by the agency reveals systematic manipulation of project budgets, misuse of public funds and collusion with private contractors.
The probe began last year after a complaint was filed by Vijender Gupta, the then leader of opposition, on Aug 22, 2024, alleging irregularities and suspected corruption in various health infrastructure projects. According to ACB, 24 hospital projects worth Rs 5,590 crore were sanctioned in 2018-19, but these were plagued by inexplicable delays and astronomical cost overruns, indicating massive financial embezzlement.
""Similarly, the Rs 1,125 crore ICU Hospital Project, covering seven pre-engineered facilities with a total of 6,800 beds, remains only 50% complete after nearly three years and expenditure of Rs 800 crore, despite an initial six-month completion timeline,"" ACB said.
The FIR filed by the agency reveals systematic manipulation of project budgets, misuse of public funds and collusion with private contractors.
The probe claimed to have revealed unauthorised additional construction at govt hospitals in Jwalapuri — by M/s Parnika Commercial & Estate Pvt Ltd — and Madipur — by M/s Ramacivil India Construction Pvt Ltd — carried out without approval from competent authorities. Notably, the Madipur hospital project was to be completed by Nov 2022, but remains abandoned and far from completion, states the FIR.
About the Author
TOI News Desk
The TOI News Desk comprises a dedicated and tireless team of journalists who operate around the clock to deliver the most current and comprehensive news and updates to the readers of The Times of India worldwide. With an unwavering commitment to excellence in journalism, our team is at the forefront of gathering, verifying, and presenting breaking news, in-depth analysis, and insightful reports on a wide range of topics. The TOI News Desk is your trusted source for staying informed and connected to the ever-evolving global landscape, ensuring that our readers are equipped with the latest developments that matter most.""
Read More"
https://timesofindia.indiatimes.com/india/noida-dowry-case-cctv-shows-husband-outside-house-at-time-of-death/articleshow/123512649.cms,"Weather
Sign In
News
India News
Noida dowry case: CCTV 'shows husband outside house' at time of death
Noida dowry case: CCTV 'shows husband outside house' at time of death
Advitya Bahl
/ TNN /
Updated: Aug 26, 2025, 10:59 IST
Share
AA
+
Text Size
Small
Medium
Large
Representational photo (Instagram/Vipin Bhati)
Noida: The investigation into the death of 26-year-old Nikki Bhati, in which her husband Vipin is the prime accused and has been charged with murder, has taken a turn. CCTV footage that emerged on Monday purportedly shows Vipin standing at a grocery shop outside their Greater Noida house at the time when Nikki was allegedly attacked on Aug 21 evening.
The footage, from a shop diagonally opposite from the Bhati house in Sirsa village, has prompted police to revisit the timeline and scrutinise videos of the alleged assault shared by Nikki's family. These videos, including one in which Nikki is seen purportedly staggering down the stairs with her torso on fire, were taken by her sister Kanchan, who lives in the same house and is married to Vipin's younger brother Rohit.
On Monday, police made two more arrests, taking into custody Vipin's father Satveer and Rohit, both of whom had been absconding since the alleged murder.
Poll
Do you think CCTV evidence plays a crucial role in solving such cases?
Yes, it helps uncover the truth
No, it can be misleading sometimes
'Couple had a heated row just before incident'
Vipin and his mother Daya were arrested on Sunday. Vipin, who allegedly tried to flee cops while he was being taken to the crime scene, was shot in the leg in an encounter.
The time stamp on the footage from the camera that purportedly shows Vipin and his six-year-old son standing on the road puts him at the grocery store at the time of the alleged assault, which - according to the complaint from Nikki's family and the time recorded on the video shared by Kanchan of Nikki engulfed in flames - is 5.45pm, police sources said.
In the CCTV clip, the man, believed to be Vipin wearing a check shirt and blue trousers, is seen standing near a white car parked on the main road outside the house at 5.42pm. A boy joins him, apparently holding a rope that he tugs several times. The man lingers, glancing down the road and chatting with two or three boys. Suddenly, at 5.47pm, a commotion appears to erupt. The man in the check shirt sprints towards the house, followed closely by an older man who also rushes inside.
Moments later, the younger man emerges again, gesturing to bystanders who gather. He is seen talking to a man in shorts as the crowd swells. At 5.48pm, the man gets into the white car, briefly steps out, and then reverses the vehicle into the lane as more people gather.
Devendra, Vipin's cousin, claimed that Nikki suffered burns from a cylinder blast in the kitchen. ""The shop where Vipin is standing is opposite their house.
I heard Vipin shouting about rushing Nikki to hospital. Everyone was shouting about Nikki being injured in a fire. If you see the footage, you'll see me walking out of my shop in shorts after Vipin. I downed the shutters and drove the car. Along with uncle and aunty (Daya and Satveer), I took Nikki to hospital.
She told us there was a cylinder blast inside the house and kept asking for water all the way to the hospital as she couldn't breathe.
We took her to Fortis Hospital, where she also told the doctor about a cylinder blast,"" he said.
A senior officer said the timing of the footage and that of videos shared by Nikki's family need to be matched. ""We will cross-check a few things, especially the time span. We are anyway verifying the contents of the footage and the video handed over to us by Kanchan as the main evidence. Footage from the hospital where Nikki was taken to initially needs to be examined too,"" he told TOI.
Devendra's version conflicts with that of Kanchan, who alleged her sister was set on fire. In one of the videos posted by Kanchan on her YouTube channel, Vipin is seen dragging Nikki by the hair and taunting her to ""make a video"". Another brief video shows Nikki engulfed in flames. According to Vipin's relatives, the clips are from last winter, not Aug 21.
Police said they would probe all possibilities, including dowry harassment, domestic violence and suicide.
""The accused, the husband, father-in-law, mother-in-law and brother-in-law, have all been arrested,"" said Sudhir Kumar, additional DCP, Greater Noida.
Investigators have learned that tension started after Nikki and Kanchan opened a beauty parlour at home. The family allegedly opposed the venture, but Nikki persisted. Relations deteriorated further in 2024 after Nikki discovered Vipin's affair with a woman from Jarcha, who later filed a police case against him for physical abuse. In the days leading up to Nikki's death, the couple was not on talking terms, living in separate rooms, sources said.
""The couple had a heated argument minutes before the incident, during which Vipin allegedly slapped Nikki several times,"" a police source said.
About the Author
Advitya Bahl
Advitya Bahl is a crime reporter with the Times of India's Noida edition.  With nearly a decade of experience covering both high and medium level criminal cases, court trials, and police investigations, he has built sources within the beat with reputation, integrity, and impactful storytelling. Advitya's  work sheds light on systemic flaws in law enforcement and brings voices to the fore.
Read More"
https://timesofindia.indiatimes.com/india/we-are-a-peace-loving-nation-but-cannot-be-pacifists-cds-anil-chauhan-strong-message-highlights-future-war-trends/articleshow/123516753.cms,"Weather
Sign In
News
India News
'We are a peace-loving nation, but cannot be pacifists': CDS Anil Chauhan's strong message; highlights future war trends
'We are a peace-loving nation, but cannot be pacifists': CDS Anil Chauhan's strong message; highlights future war trends
TOI News Desk
/ TIMESOFINDIA.COM /
Updated: Aug 26, 2025, 11:52 IST
Share
AA
+
Text Size
Small
Medium
Large
General Anil Chauhan emphasized India's commitment to peace while asserting the necessity of military preparedness, stating that peace without power is unattainable. He highlighted the blurring lines between war and peace, the importance of population resilience, and the evolving metrics of victory in modern conflicts.
NEW DELHI: Chief of defence staff General Anil Chauhan on Tuesday delivered a strong message on India’s approach to peace, power and preparedness. The CDS said that though ""India is a peace-loving nation, it cannot be a pacifist"".
“India has always stood on the side of peace. We are a peace-loving nation, but don’t get mistaken, we cannot be pacifists. I think peace without power is utopian. I like to state a Latin quote which translates, ‘if you want peace, prepare for war’,” he said, while speaking at the inaugural Tri-Services Seminar ‘Ran Samwad-2025’ at the Army War College in Mhow.
Calling Operation Sindoor a modern conflict, Chauhan said that the operation is still ongoing, ""Operation Sindoor was a modern conflict from which we learned a number of lessons, and most of them are under implementation, some have been implemented.
The operation is still on,"" he said.
Poll
Do you support the idea of India being 'atmanirbhar' in defence and strategy?
Yes, definitely
Not really
Outlining what he called four essential trends shaping contemporary conflict, Chauhan first warned of an increased propensity among nations to use force, driven by the belief that short-duration conflicts can achieve political aims.
""First, there is an increased propensity amongst nations and governments to use force, and this is happening because political objectives today can be achieved by short-duration conflicts,"" the CDS said as quoted by ANI.
Second, he argued that the traditional distinction between war and peace has blurred.
“The second trend which I see is a lack of distinction between war and peace, this particular era, which we knew in the past of declared wars, I think that's all over. Contemporary warfare today is a kind of continuum of five C's- competition, crisis, confrontation, conflict and combat, between wars,” he explained.
Third, he emphasised the role of people, recalling that past wars often saw soldiers and civilians sacrificed in pursuit of territory or ideology, whereas future wars would hinge on the population’s resilience and support.
Finally, he addressed the changing ‘matrices of victory’. While earlier conflicts were measured by casualties and captured soldiers, he noted that modern victory is increasingly defined by the speed and tempo of operations and the precision of long-range strikes.
""The fourth important trend I think we can debate is the matrices of victory and how we perceive victory... In the past, matrices of victory were probably defined by losses inflicted in terms of men and equipment.
In 1971, we had 95,000 Pakistanis captured... But in today's warfare, probably the new matrices of warfare or victory are the speed and tempo of operations, effects of long-range precision strikes,"" he said.
General Chauhan reflected on India’s cultural and historical traditions of balancing thought and force. “We have always spoken about ‘Shastra’ and ‘Shaastra’ in the same breath. They were actually the two blades of the same sword,” he remarked, citing examples from the Mahabharata where Arjuna, despite being a great warrior, needed Krishna’s guidance to secure victory.
The CDS stressed the importance of intellectual depth in defence studies. “Serious research is needed on all dimensions of war connected to leadership, motivation, and technology. We need to be ‘atmanirbhar’ in ideas and practice,” he said.
The ministry of defence had earlier described Ran Samwad as a platform to strengthen India’s strategic thinking and inter-service cooperation. The two-day seminar, curated by the Headquarters Integrated Defence Staff and the Centre for Joint Warfare Studies, brings together military professionals, defence experts and industry leaders. Defence minister Rajnath Singh will deliver the plenary address on the concluding day.
About the Author
TOI News Desk
The TOI News Desk comprises a dedicated and tireless team of journalists who operate around the clock to deliver the most current and comprehensive news and updates to the readers of The Times of India worldwide. With an unwavering commitment to excellence in journalism, our team is at the forefront of gathering, verifying, and presenting breaking news, in-depth analysis, and insightful reports on a wide range of topics. The TOI News Desk is your trusted source for staying informed and connected to the ever-evolving global landscape, ensuring that our readers are equipped with the latest developments that matter most.""
Read More"
https://timesofindia.indiatimes.com/india/no-matter-how-much-pressure-comes-pm-modis-strong-message-as-trumps-50-tariff-looms-vows-to-support-small-entrepreneurs-farmers/articleshow/123505583.cms,"Weather
Sign In
News
India News
'No matter how much pressure comes': PM Modi's strong message as Trump's 50% tariff looms; vows to support small entrepreneurs, farmers
'No matter how much pressure comes': PM Modi's strong message as Trump's 50% tariff looms; vows to support small entrepreneurs, farmers
TOI News Desk
/ TIMESOFINDIA.COM /
Updated: Aug 25, 2025, 19:48 IST
Share
AA
+
Text Size
Small
Medium
Large
Prime Minister Modi pledged unwavering support for India's small entrepreneurs, farmers, and animal keepers amidst rising economic pressures. His statement comes as US President Trump's 50% tariff on Indian goods is set to take effect. India has criticized the US tariffs as unjustified, vowing to protect its domestic stakeholders and pursue an independent trade policy.
NEW DELHI: Prime Minister
Narendra Modi
on Monday issued a strong statement in support of small entrepreneurs and farmers, just two days before US President Donald Trump's 50 per cent tariff on India comes into effect.
""Today in the world, everyone is busy doing politics based on economic interests. From this land of Ahmedabad, I will tell my small entrepreneurs, my small shopkeeper brothers and sisters, my farmer brothers and sisters, my animal husbandry brothers and sisters and I am saying this on the land of Gandhi ... be it the small entrepreneurs, farmers, or animal keepers of my country, for everyone, I promise you again and again, your interests are paramount for Modi,"" he said while addressing a rally in Ahmedabad.
""My government will never let any harm come to the small entrepreneurs, farmers, and animal keepers. No matter how much pressure comes, we will keep increasing our strength to withstand. Today, the Atmanirbhar Bharat Abhiyan is getting a lot of energy from Gujarat and behind this are two decades of hard work,"" PM Modi said.
The strong-worded remark comes just days before Trump's 50 per cent tariff on Indian goods comes into effect from August 27.
Since Donald Trump hiked tariffs on Indian goods to 50 per cent, including an extra 25 per cent, penalty for India’s discounted Russian crude purchases - ties between New Delhi and Washington have soured.
The US accuses India of indirectly funding Moscow’s war in Ukraine through these oil imports, a claim New Delhi has flatly dismissed. India began buying Russian crude at cheaper rates after Western nations sanctioned Moscow following its 2022 invasion of Ukraine.
Foreign minister S Jaishankar, speaking in Delhi on Saturday, mocked Washington’s stance.
""It’s ironic for a pro-business American administration to accuse others of doing business,"" he quipped, when asked about the US criticism.
Taking a sharper swipe, he added: ""If you don’t like Indian oil or refined products, don’t buy them. Nobody is forcing you. But Europe buys, America buys. So if you have a problem, just stop buying.""
About the Author
TOI News Desk
The TOI News Desk comprises a dedicated and tireless team of journalists who operate around the clock to deliver the most current and comprehensive news and updates to the readers of The Times of India worldwide. With an unwavering commitment to excellence in journalism, our team is at the forefront of gathering, verifying, and presenting breaking news, in-depth analysis, and insightful reports on a wide range of topics. The TOI News Desk is your trusted source for staying informed and connected to the ever-evolving global landscape, ensuring that our readers are equipped with the latest developments that matter most.""
Read More"
https://timesofindia.indiatimes.com/india/the-last-sortie-iaf-chief-flies-mig-21-into-history/articleshow/123515345.cms,"Weather
Sign In
News
India News
The last sortie: IAF chief flies MiG-21 into history
The last sortie: IAF chief flies MiG-21 into history
TNN /
Updated: Aug 26, 2025, 12:37 IST
Share
AA
+
Text Size
Small
Medium
Large
Ahead of their retirement after six decades of service, Air Chief Marshal A P Singh and other IAF officers flew MiG-21 sorties as a final farewell. ACM Singh praised the aircraft's agility but acknowledged its outdated technology and maintenance challenges. The formal farewell for the MiG-21s will be held in Chandigarh on Sept 26.
NEW DELHI: A month before the retirement of MiG-21s, which were the first supersonic fighters to be inducted by India from Russia in 1963 but plagued by an alarmingly high crash rate in later years, the IAF chief and other officers flew sorties in the single-engine jet as a final farewell to the old workhorse.
“It’s an amazing aircraft to fly, very agile and manoeuvrable…It will be missed by all who flew it,” Air Chief Marshal A P Singh said after the MiG-21 sorties at Nal airbase. “But everything has a time and place. The technology is outdated and difficult to maintain now.”
It’s time to move on to newer platforms: Singh
""MiG-21 technology is outdated. It’s time to move on to newer platforms like Tejas, Rafales and Sukhoi-30s,” Air Chief Marshal A P Singh said.
One of the MiG-21 sorties ACM Singh flew was in a formation led by Squadron Leader Priya Sharma, who is among the over 20 women fighter pilots in the IAF who are also flying Sukhoi-30MKIs and Rafales.
Poll
Should the IAF continue to keep older aircraft in service despite their drawbacks?
Yes, for legacy reasons
No, safety should come first
The formal ceremonial farewell for the MiG-21s, after over six decades in service that saw the delta-wing fighters take part in all major conflicts but were highly unforgiving to pilot errors, will take place at Chandigarh on Sept 26. The MiG-21s were among the most massproduced supersonic fighter jets in history, with over 11,000 aircraft operated by more than 60 countries."
https://timesofindia.indiatimes.com/india/up-shubhanshu-shukla-meets-cm-yogi-adityanath-in-lukcnow-family-joins-in/articleshow/123501431.cms,"Weather
Sign In
News
India News
UP: Shubhanshu Shukla meets Yogi Adityanath; CM announces scholarship in his name
UP: Shubhanshu Shukla meets Yogi Adityanath; CM announces scholarship in his name
TOI News Desk
/ TIMESOFINDIA.COM /
Updated: Aug 25, 2025, 19:06 IST
Share
AA
+
Text Size
Small
Medium
Large
Group Captain Shubhanshu Shukla, India's first astronaut on Nasa's Axiom-4 mission to the ISS, met Uttar Pradesh CM Yogi Adityanath in Lucknow after returning from the US. He previously presented PM Modi with the Axiom-4 mission patch and shared photos of Earth from space. Shukla completed an 18-day mission, conducting over 60 experiments, marking a milestone for India's Gaganyaan programme.
NEW DELHI: Group Captain Shubhanshu Shukla, the first Indian astronaut to visit the International Space Station (ISS) under Nasa's Axiom-4 mission, met
Uttar Pradesh chief minister
Yogi Adityanath in Lucknow on Monday with his family.
CM Yogi announced that the state will launch a scholarship in Shukla’s name to support students pursuing space technology.
After meeting Uttar Pradesh CM Yogi Adityanath, IAF Group Captain and astronaut Shukla expressed his gratitude, saying, ""I had not expected the kind of excitement that I have seen. I am truly overwhelmed. It feels good to be back home. I am delighted with the love and support being expressed by people...
I am excited that the momentum that has been built will help us in reaching where we want to be in our science journey.
""
Shukla had earlier met
Prime Minister Narendra Modi
after returning from the United States, where he presented the PM with the Axiom-4 mission patch and shared photographs of Earth taken from space.
Poll
Do you feel that the excitement surrounding Shukhla's mission will enhance public interest in space science?
Yes, definitely
No, it won't
The astronaut completed an 18-day mission aboard the ISS on July 15, conducting over 60 experiments with three other crew members.
His participation in Axiom-4 is seen as an important milestone for India’s human spaceflight goals under the upcoming
Gaganyaan programme
.
About the Author
TOI News Desk
The TOI News Desk comprises a dedicated and tireless team of journalists who operate around the clock to deliver the most current and comprehensive news and updates to the readers of The Times of India worldwide. With an unwavering commitment to excellence in journalism, our team is at the forefront of gathering, verifying, and presenting breaking news, in-depth analysis, and insightful reports on a wide range of topics. The TOI News Desk is your trusted source for staying informed and connected to the ever-evolving global landscape, ensuring that our readers are equipped with the latest developments that matter most.""
Read More"
https://timesofindia.indiatimes.com/india/hanumanji-first-to-travel-to-space-anurag-thakurs-interaction-with-student-sparks-row-dmk-says-science-is-not-mythology/articleshow/123493296.cms,"Weather
Sign In
News
India News
'Hanuman ji first to travel to space': Anurag Thakur’s interaction with students sparks row; DMK says 'science is not mythology'
'Hanuman ji first to travel to space': Anurag Thakur’s interaction with students sparks row; DMK says 'science is not mythology'
TOI News Desk
/ TIMESOFINDIA.COM /
Updated: Aug 25, 2025, 13:01 IST
Share
AA
+
Text Size
Small
Medium
Large
During a National Space Day event, BJP MP Anurag Thakur sparked controversy by suggesting Hanuman was the first to travel to space, contradicting the widely accepted fact that Neil Armstrong was the first person to walk on the moon.
NEW DELHI: BJP MP Anurag Thakur, during an interaction with school children on National Space Day, asked “who was the first person to travel to space.” When the students answered “Neil Armstrong,” Thakur responded, “I think Hanuman ji was the first person to travel to space.
” The exchange has drawn sharp criticism from the opposition, with the DMK accusing him of “confusing fact with fable.”
While interacting with students at Shri Jawahar Navodaya Vidyalaya in Una, Himachal Pradesh, on National Space Day, Thakur argued that knowledge traditions should extend beyond what he described as “textbooks given to us by the British.” He urged teachers to look towards “our veds, our textbooks and our knowledge,” saying this would allow students to see “a lot more.”
DMK’s response: ‘Science is not mythology’
The remark triggered an immediate backlash from the DMK. Party MP Kanimozhi, in a post on X, said: “A member of parliament and former union minister asking school children who first set foot on the moon, and insisting that it was not Neil Armstrong but Hanuman, is deeply troubling. Science is not mythology. To mislead young minds in classrooms is an insult to knowledge, reason, and the spirit of scientific temper enshrined in our Constitution.
India’s future lies in nurturing curiosity, not confusing fact with fable.”
Poll
Should the Indian educational curriculum include ancient wisdom alongside modern science?
Yes, it enriches learning
No, it confuses students
Thakur hails India’s space strides
At the same event, Thakur highlighted India’s recent achievements in the space sector, noting the Chandrayaan-3 success in 2023 and Prime Minister Narendra Modi’s role in supporting scientists. He said India is aiming to set up its own space station by 2035 and achieve a crewed lunar landing by 2040.
He also pointed to India’s growing space economy, the development of the Polar Satellite Launch Vehicle, and milestones such as launching 104 satellites in one flight and the successful testing of the reusable launch vehicle.
“Earlier we had to seek help from foreign countries to launch our satellites, but now foreign nations seek help from us,” Thakur told students.
The occasion marked the second National Space Day, commemorating India’s Chandrayaan-3 mission. This year’s theme, “Aryabhatta to Gaganyaan: Ancient Wisdom to Infinite Possibilities,” linked India’s ancient astronomical traditions with modern space ambitions.
Soviet cosmonaut Yuri Gagarin became the first human to travel into space in 1961, while American astronaut Neil Armstrong was the first person to set foot on the Moon in 1969.
About the Author
TOI News Desk
The TOI News Desk comprises a dedicated and tireless team of journalists who operate around the clock to deliver the most current and comprehensive news and updates to the readers of The Times of India worldwide. With an unwavering commitment to excellence in journalism, our team is at the forefront of gathering, verifying, and presenting breaking news, in-depth analysis, and insightful reports on a wide range of topics. The TOI News Desk is your trusted source for staying informed and connected to the ever-evolving global landscape, ensuring that our readers are equipped with the latest developments that matter most.""
Read More"
https://timesofindia.indiatimes.com/india/sc-tears-into-ngt-for-ordering-ed-probe-in-violation-of-law-beyond-jurisdiction/articleshow/123512078.cms,"Weather
Sign In
News
India News
SC tears into NGT for ordering ED probe in violation of law & beyond jurisdiction
SC tears into NGT for ordering ED probe in violation of law & beyond jurisdiction
Amit Anand Choudhary
/
Aug 26, 2025, 02:13 IST
Share
AA
+
Text Size
Small
Medium
Large
.
NEW DELHI: Quashing a
National Green Tribunal
order that had directed ED to examine a matter against a polluting company, which was also slapped a fine of Rs 50 crore, the
Supreme Court
has observed that the tribunal devoted 145 pages to writing a ruling which was in violation of law and beyond its jurisdiction, and said that ""application of mind is not proportionate to the number of pages"".
A bench of Chief Justice B R Gavai and Justice K Vinod Chandran also appealed to courts and tribunals to refrain from engaging in mere rhetoric by stating the law in general without reference to the facts of the case.
Finding fault with NGT's order to involve ED in a pollution case where no scheduled offence was in question, the bench said SC had earlier too questioned the jurisdiction of NGT to direct prosecution of individuals under the PMLA.
""NGT should act within the contours of the powers conferred on it which is Section 15 of the NGT Act. Though such power would be available to a court constituted under PMLA or to constitutional courts, it would not be available for exercise by NGT, constituted to ensure effective and expeditious consideration of cases relating to environmental protection and conservation of forests and other natural resources, including enforcement of any legal right and giving relief and compensation for damages to persons and properties.
We hence set aside the direction issued to ED; but say nothing on whether there is an offence made out or not, which at this stage is not within our ken,"" the bench said.
It also said that there was no basis for NGT to impose a penalty of Rs 50 crore on the company and held that imposition of penalties cannot be done on the basis of the annual turnover of a firm.
""The methodology adopted by NGT for imposition of penalty was held to be totally unknown to any principle of law.
We fully agree with the observation and add that the rule of law does not permit the state or its agencies to extract a 'pound of flesh', even in environmental matters. Though in the present case there is an observation made that there was admitted turnover of Rs 550 crore; we still notice the absence of nexus between the turnover and the pollution alleged,"" it said.
""Before we leave the matter, with some anguish, we cannot but indicate that application of mind is not proportionate to the number of pages.
The impugned judgment deals elaborately with environmental law, numerous pollution prevention measures, guidelines and publications issued by various states as also decisions in that regard. It also extracts various reports filed by the Joint Committee, interim orders of NGT and objections raised by industry; which would anyway be available in the records of the case.
In the context of the last of the reports having found complete compliance, we cannot but observe that unfortunately this was an exercise in futility. Judicious consideration is the sum and substance of adjudication and the courts/tribunals should restrain themselves from engaging in mere rhetoric by stating the law in general without particular reference to the facts,"" it said."
https://timesofindia.indiatimes.com/india/bihar-gets-new-6-lane-auntasimaria-bridge-on-ganga-rs-1871-crore-project-to-ease-pressure-on-gandhi-setu/articleshow/123344737.cms,"Weather
Sign In
News
India News
Bihar gets new 6-lane Aunta–Simaria Bridge on Ganga: Rs 1,871 crore project to ease pressure on Gandhi Setu
Bihar gets new 6-lane Aunta–Simaria Bridge on Ganga: Rs 1,871 crore project to ease pressure on Gandhi Setu
TOI News Desk
/ TIMESOFINDIA.COM /
Aug 17, 2025, 15:18 IST
Share
AA
+
Text Size
Small
Medium
Large
Bihar gets boost: NHAI completes 6-lane Ganga Bridge on NH-31, reducing travel distance by 150 km
The National Highways Authority of India (NHAI) successfully completed the Aunta (Mokama) – Simaria (Begusarai) Bridge Project on National Highway-31. The 8.15 km long project, built at an estimated cost of Rs 1,871 crore, features a 6-lane extra-dosed bridge over the Ganga River with 4-lane approach roads.
The new structure, constructed parallel to the aging Rajendra Setu, provides a safer and more efficient route for heavy vehicles. It establishes a direct high-capacity link between North and South Bihar, improving connectivity, cutting travel distances, and ensuring smoother freight movement.
A major relief will come for travelers on routes such as Gandhi Setu, which has long been burdened by high traffic. With the new bridge, the travel distance for freight and heavy vehicle traffic between North Bihar districts like Begusarai, Supaul, Madhubani, and Araria, and South Bihar regions including Sheikhpura, Nawada, and Lakhisarai, will reduce by nearly 150 kilometers.
Officials said the project is expected to boost economic growth in surrounding districts by strengthening logistics, trade, and market access. It will also enhance connectivity to Simaria Dham, a revered pilgrimage site and the birthplace of noted Hindi poet Ramdhari Singh Dinkar.
Key project details:
Executing Agency: National Highways Authority of India (NHAI)
Project Length: 8.15 km
Estimated Cost: Rs 1,871 crore
Scope: 6-lane extra-dosed bridge with 4-lane approach roads
Status: Completed
About the Author
TOI News Desk
The TOI News Desk comprises a dedicated and tireless team of journalists who operate around the clock to deliver the most current and comprehensive news and updates to the readers of The Times of India worldwide. With an unwavering commitment to excellence in journalism, our team is at the forefront of gathering, verifying, and presenting breaking news, in-depth analysis, and insightful reports on a wide range of topics. The TOI News Desk is your trusted source for staying informed and connected to the ever-evolving global landscape, ensuring that our readers are equipped with the latest developments that matter most.""
Read More"
https://timesofindia.indiatimes.com/india/pm-modi-degree-row-delhi-hc-quashes-cic-order-du-not-bound-to-share-his-1978-ba-records/articleshow/123500375.cms,"Weather
Sign In
News
India News
PM Modi degree row: Delhi HC quashes CIC order; DU not bound to share his 1978 BA records
PM Modi degree row: Delhi HC quashes CIC order; DU not bound to share his 1978 BA records
TOI News Desk
/ TIMESOFINDIA.COM /
Updated: Aug 25, 2025, 17:10 IST
Share
AA
+
Text Size
Small
Medium
Large
The Delhi High Court overturned a Central Information Commission (CIC) order on Monday, which had instructed the disclosure of information pertaining to Prime Minister Narendra Modi's bachelor's degree. Justice Sachin Datta delivered the verdict following a petition from Delhi University challenging the CIC's directive.
NEW DELHI: The Delhi high court on Monday quashed a Central Information Commission (CIC) order that had directed disclosure of details regarding Prime Minister Narendra Modi's bachelor's degree.
Justice Sachin Datta gave the judgment, which had been reserved on February 27, after hearing a petition filed by
Delhi University
against the CIC order.
The case began with an RTI request filed by a man named Neeraj. In December 2016, the CIC had allowed people to inspect the records of all students who passed the BA exam in 1978, the same year PM Modi completed his graduation.
The Delhi high court had earlier put a stay on the CIC order on January 23, 2017.
Poll
Do you agree with the Delhi University's position on keeping student records confidential?
Yes, student records should remain private.
No, they should be accessible under RTI.
During the hearing, Solicitor General Tushar Mehta, representing Delhi University (DU), argued that the CIC order should be cancelled. He said the university had no problem showing the records to the court itself.
""University has no objection in showing the record to the court. There is a degree from 1978, Bachelor of Arts,"" Mehta stated.
DU challenged the CIC directive by saying that student records are kept in a fiduciary capacity, and that “mere curiosity” without larger public interest cannot justify disclosure under the RTI Act.
On the other hand, the counsel for the RTI applicants defended the CIC order, arguing that the Right to Information law allows disclosure of the prime minister’s educational details because it serves a greater public good.
About the Author
TOI News Desk
The TOI News Desk comprises a dedicated and tireless team of journalists who operate around the clock to deliver the most current and comprehensive news and updates to the readers of The Times of India worldwide. With an unwavering commitment to excellence in journalism, our team is at the forefront of gathering, verifying, and presenting breaking news, in-depth analysis, and insightful reports on a wide range of topics. The TOI News Desk is your trusted source for staying informed and connected to the ever-evolving global landscape, ensuring that our readers are equipped with the latest developments that matter most.""
Read More"
https://timesofindia.indiatimes.com/india/mysuru-dasara-inauguration-row-bjp-says-banu-mushtaqs-faith-uncertain-minister-hits-back/articleshow/123503447.cms,"Weather
Sign In
News
India News
Mysuru Dasara inauguration row: BJP says Banu Mushtaq's 'faith uncertain'; minister hits back
Mysuru Dasara inauguration row: BJP says Banu Mushtaq's 'faith uncertain'; minister hits back
TOI News Desk
/ TIMESOFINDIA.COM /
Updated: Aug 25, 2025, 20:26 IST
Share
AA
+
Text Size
Small
Medium
Large
Karnataka's decision to have Banu Mushtaq inaugurate Mysuru Dasara has sparked controversy, with BJP leaders questioning the appropriateness of someone with uncertain faith leading a Hindu religious ceremony. While some respect Mushtaq's achievements, they believe she should preside over literary events instead. The Congress government defends the decision, stating Dasara is a national festival, not solely a religious one.
NEW DELHI: Senior BJP leaders have objected to the Karnataka government’s decision to invite Booker Prize-winning author and activist Banu Mushtaq to inaugurate this year’s
Mysuru Dasara
celebrations. Karnataka minister G Parameshwara, however, countered the criticism, saying, ""This is not a religious issue.""
Former minister and BJP MLC CT Ravi argued that it was inappropriate for someone ""whose faith is uncertain"" to lead a religious ceremony.
'Minority Complex': Banu Mushtaq, Deepa Bhasthi Speak Out On Their Booker Glory 'Heart Lamp'
Former Mysuru MP Pratap Simha said while he respects Mushtaq’s achievements, she should preside over literary events, not Dasara. ""It is acceptable when she chairs the Akhila Bharata Kannada Sahitya Sammelana but not Dasara, a Hindu religious event which begins with pooja to Goddess Chamundeshwari.
Does she have faith in Chamundeshwari Devi? Is she following our traditions?"" he asked.
Expelled BJP MLA Basanagouda Patil Yatnal echoed similar views on X. ""I personally hold respect for Banu Mushtaq madam as a writer and activist. However, her inaugurating Dasara by offering flowers and lighting the lamp to Goddess Chamundeshwari seems to be in conflict with her own religious beliefs,"" he said. Yatnal added that Mushtaq should clarify whether she continues to follow Islam or believes in a broader path that aligns with Hindu traditions, stressing that such clarity was necessary before she performed the inaugural rituals.
""She may certainly inaugurate cultural or literary events within Dasara festivities, but the religious inauguration itself should be refrained from,"" Yatnal said, using the hashtag #KarnatakaDasara2025.
In another post on X, written in Kannada, he said, ""It is not right for the Dasara inauguration to be done by those from other religions who do not believe in Hindu dharma and practices, and who consider flower worship and idol worship to be 'haram'.""
However, BJP MP Tejasvi Surya struck a slightly different note, saying, ""I don’t have an objection to anybody. But Mysuru Dasara is an important religious festival of Karnataka, and we only expect that whoever inaugurates it and offers the first prayers should make their belief in Goddess Chamundeshwari public and clear.""
Congress-ruled Karnataka home minister G Parameshwara hit back at BJP's objections to Banu Mushtaq inaugurating Mysuru Dasara, saying, ""It is not right to oppose this.
This is not a religious issue. Dasara is a national festival.""
Chief minister Siddaramaiah had recently announced Mushtaq’s name to inaugurate the Nada Habba (state festival) Dasara celebrations, which traditionally begin with rituals at the Chamundi Hill temple.
What is Mysuru Dasara
Mysuru Dasara, the Royal Festival, marks the triumph of good over evil, celebrated for ten days with Vijayadashami as the grand finale when Goddess Chamundeshwari is believed to have slain Mahishasura.
Festivities peak from the sixth day, with rituals dedicated to Saraswati, Durga, and Lakshmi, culminating in a grand procession from Mysuru Palace to Bannimantap.
Recognised as Karnataka’s Nada Habba (state festival), the event is led by the Mysuru royal family, who continue centuries-old traditions and pujas.
About the Author
TOI News Desk
The TOI News Desk comprises a dedicated and tireless team of journalists who operate around the clock to deliver the most current and comprehensive news and updates to the readers of The Times of India worldwide. With an unwavering commitment to excellence in journalism, our team is at the forefront of gathering, verifying, and presenting breaking news, in-depth analysis, and insightful reports on a wide range of topics. The TOI News Desk is your trusted source for staying informed and connected to the ever-evolving global landscape, ensuring that our readers are equipped with the latest developments that matter most.""
Read More"
https://timesofindia.indiatimes.com/india/smriti-irani-degree-row-delhi-hc-sets-aside-cic-order-calls-it-thoroughly-misconceived/articleshow/123503254.cms,"Weather
Sign In
News
India News
Smriti Irani degree row: Delhi HC sets aside CIC order; calls it 'thoroughly misconceived'
Smriti Irani degree row: Delhi HC sets aside CIC order; calls it 'thoroughly misconceived'
TOI News Desk
/ TIMESOFINDIA.COM /
Aug 25, 2025, 17:36 IST
Share
AA
+
Text Size
Small
Medium
Large
The Delhi High Court overturned orders from the Central Information Commission (CIC) mandating CBSE to disclose Smriti Irani's 10th and 12th grade results, citing a misconstrued approach. The court also quashed a CIC directive to reveal details of PM Modi's bachelor's degree, emphasizing that personal academic information isn't inherently public, aligning with a Supreme Court judgment.
Smriti Irani (PTI photo)
NEW DELHI: The Delhi high court on Monday set aside order directing CBSE to provide information under the Right To Information (RTI) about whether Smriti Irani had cleared her 10th and 12th examinations in the year 1991 and 1993.
Justice Sachin Dutta ruled that the entire approach of the Central Information Commission (CIC) in the impugned order was ""thoroughly misconceived"".
""The conclusion that information relating to degree/marks/results of any particular individual is in the nature of ‘public information’, is in direct and utter contravention of the judgment of the Supreme Court in Central Public Information Officer, Supreme Court of India v.
Subhash Chandra Agarwal (supra),"" the bench ruled according to Bar & Bench.
Irani's degrees sparked controversy after a petitioner alleged that she had given contradictory information in her affidavits filed before contesting elections in 2004, 2011 and 2014.
In her affidavit for the 2004 Lok Sabha polls, Irani had said she completed her BA in 1996 from DU (School of Correspondence as SOL was then called), whereas in another affidavit on July 11, 2011 to contest Rajya Sabha election from Gujarat, she had said her highest educational qualification was BCom Part I, a petitioner had alleged in court.
Earlier, the court also quashed CIC's order that had directed disclosure of details regarding Prime Minister Narendra Modi's bachelor's degree.
Justice Datta gave the judgment, which had been reserved on February 27, after hearing a petition filed by Delhi University against the CIC order.
The case began with an RTI request filed by a man named Neeraj. In December 2016, the CIC had allowed people to inspect the records of all students who passed the BA exam in 1978, the same year PM Modi completed his graduation.
The Delhi high court had earlier put a stay on the CIC order on January 23, 2017. During the hearing, Solicitor General Tushar Mehta, representing Delhi University (DU), argued that the CIC order should be cancelled. He said the university had no problem showing the records to the court itself.
""University has no objection in showing the record to the court. There is a degree from 1978, Bachelor of Arts,"" Mehta stated.
About the Author
TOI News Desk
The TOI News Desk comprises a dedicated and tireless team of journalists who operate around the clock to deliver the most current and comprehensive news and updates to the readers of The Times of India worldwide. With an unwavering commitment to excellence in journalism, our team is at the forefront of gathering, verifying, and presenting breaking news, in-depth analysis, and insightful reports on a wide range of topics. The TOI News Desk is your trusted source for staying informed and connected to the ever-evolving global landscape, ensuring that our readers are equipped with the latest developments that matter most.""
Read More"
https://timesofindia.indiatimes.com/india/ed-unearths-nri-quota-admission-racket-in-private-medical-colleges/articleshow/123489930.cms,"Weather
Sign In
News
India News
ED unearths NRI quota admission racket in private medical colleges
ED unearths NRI quota admission racket in private medical colleges
Pradeep Thakur
/ TNN /
Aug 25, 2025, 02:25 IST
Share
AA
+
Text Size
Small
Medium
Large
NEW DELHI: An investigation by ED, assisted by the ministry of external affairs (MEA) and its foreign missions and embassies, has unearthed a massive NRI admission racket, in which private medical colleges were found offering admissions on about 18,000 reserved MBBS UG and PG seats under the quota by using forged documents of non-resident Indians.
India's foreign missions have verified that the NRI certificates, seized by
Enforcement Directorate
(ED) from several private medical colleges and used to offer admissions, were fake, and counterfeit stamps of notaries in the US were provided against these admissions.
ED had conducted searches at various medical colleges in West Bengal and Odisha over the last few months, through which it seized crucial evidence. The agency then sent the seized NRI certificates to Indian embassies and missions for verification.
Most of them were found to be forged or fake. The probe further revealed these medical colleges were paying agents to have fake NRI documents prepared.
The agents also prepared fake family trees of NRIs, wherein these unrelated NRIs were shown as relatives of students to help secure admissions under the NRI quota. In some cases, the agents and medical colleges used documents of one NRI for admissions of multiple candidates, who were unrelated to the NRI sponsor and to each other.
The promoters of these medical colleges were found to be behind the illegal admission racket, with their agents spread across the country bringing ""clients"" and helping them generate huge ""proceeds of crime"".
The Centre has since revised its NRI admission policy, with the DG of health services issuing fresh guidelines wherein each NRI certificate has to be authenticated by embassies and missions before admission is granted on its basis.
This happened after coordinated action involving multiple Union ministries.
The MEA too has issued fresh guidelines to its embassies and missions abroad, for strict due diligence in issuance of NRI certificates, outlining the eligibility criteria and clearly delineating 'first degree' and 'second degree' relatives in respect of whom NRIs can get certificates for admissions under the quota in India.
The involvement of some NRIs has also come to light. They allowed their names to be used after receiving bribes from the agents of the medical colleges.
""The agents approached and obtained credentials of unrelated NRIs by paying money to them,"" the investigation found.
The existing rules specify that the fees of the NRI student must be paid by the NRI sponsor. However, the investigation found that in a majority of the cases fees were paid by the family of the student and not the NRI sponsor, thereby defeating the very purpose of the policy, which is to earn foreign exchange, sources said.
Probe revealed many NRI sponsors were not present in India on the dates affidavits were notarised and signed, a senior official said."
https://timesofindia.indiatimes.com/india/hallmark-of-cowardly-government-rahul-gandhi-attacks-centre-after-lathi-charge-on-protesting-ssc-aspirants-gives-call-to-fight-back/articleshow/123500590.cms,"Weather
Sign In
News
India News
'Hallmark of cowardly government': Rahul Gandhi attacks Centre after lathi charge on protesting SSC aspirants; gives call to 'fight back'
'Hallmark of cowardly government': Rahul Gandhi attacks Centre after lathi charge on protesting SSC aspirants; gives call to 'fight back'
TOI News Desk
/ TIMESOFINDIA.COM /
Updated: Aug 25, 2025, 17:16 IST
Share
AA
+
Text Size
Small
Medium
Large
Congress leaders, including Rahul Gandhi, have strongly criticized the central government over the alleged lathi-charge on SSC aspirants protesting in Delhi, accusing the Modi government of ignoring the youth's concerns and manipulating elections. The leaders condemned the police action, while Delhi Police denied the lathi-charge, stating that some protestors were detained for refusing to leave after the permitted time.
Rahul Gandhi (File photo)
NEW DELHI: Congress leader
Rahul Gandhi
on Monday hit out at the Centre over the alleged lathicharge on Staff Selection Commission (SSC) aspirants and trainers protesting at Delhi’s Ramlila Maidan.
He accused the Modi government of ignoring the concerns of the youth, alleging it had come to power by “stealing votes.
”
In a post in Hindi on X, Gandhi said the lathicharge on SSC aspirants and teachers peacefully protesting at Ramlila Maidan was “not just shameful, but the hallmark of a cowardly government.”
'Talks Are On With...': Rahul’s Wedding Remark After Tejashwi’s Tip Sparks Political Banter In Bihar
The protest, held on Sunday, saw the participation of several SSC candidates and their trainers, who were demanding transparency and better conduct of recruitment examinations.
The SSC exams have faced repeated complaints of abrupt cancellations, server crashes, unresponsive systems and exam centres located as far as 500 kilometres from candidates’ homes.
Poll
Do you believe the government's response to the SSC protests was justified?
Yes, they acted appropriately
No, it was excessive
“The youth had only demanded their rights — employment and justice. What did they get? Lathis,” Gandhi said.
He alleged that the government first manipulated elections to secure votes, then allowed irregularities in examinations, followed by failures in providing jobs and ultimately sought to suppress citizens’ rights and voices.
The Congress leader further said the government does not prioritise the demands of youth, farmers, the poor, Dalits and minorities, as it does not depend on their votes. He urged people not to be afraid but to stand firm and fight back.
Congress president
Mallikarjun Kharge
also condemned the alleged police action, claiming the Modi government had made it a “habit” to jeopardise the future of the youth.
“Stealing the future of the country’s youth has become a habit of the Modi government.
The brutal lathi-charge by the Modi government’s puppet police on students protesting against rigging in SSC exams at Delhi’s Ramlila Maidan is highly condemnable,” Kharge said in a post on X.
Congress general secretary
Priyanka Gandhi
Vadra too criticised the government, calling the use of force on protesting students “inhuman and shameful.”
In her post on X, she said, “The youth of the entire country are troubled by rigging in every exam, scams in every recruitment and paper leaks.
The corruption in the recruitment process and exams under the BJP rule is ruining the future of the youth.”
Denying the allegations, a senior
Delhi Police
officer said around 1,500 protestors had gathered at the site, and about 100 refused to leave after the permitted time despite repeated requests.
“Out of those who were not leaving, 44 protestors were detained. There was no lathi-charge,” the officer clarified.
The SSC is a statutory body responsible for conducting recruitment examinations for various posts across ministries, departments and other government organisations.
The Phase 13 exam, held between July 24 and August 1 at 194 centres in 142 cities, faced multiple disruptions. Approximately five lakh candidates appeared for the examination during this period.
These issues sparked widespread protests across Delhi last week, drawing thousands of aspirants to the streets and triggering a strong backlash on social media.
About the Author
TOI News Desk
The TOI News Desk comprises a dedicated and tireless team of journalists who operate around the clock to deliver the most current and comprehensive news and updates to the readers of The Times of India worldwide. With an unwavering commitment to excellence in journalism, our team is at the forefront of gathering, verifying, and presenting breaking news, in-depth analysis, and insightful reports on a wide range of topics. The TOI News Desk is your trusted source for staying informed and connected to the ever-evolving global landscape, ensuring that our readers are equipped with the latest developments that matter most.""
Read More"
https://timesofindia.indiatimes.com/india/what-about-those-inducting-criminals-kejriwal-targets-amit-shah-cites-own-160-days-jail-govt/articleshow/123499426.cms,"Weather
Sign In
News
India News
'What about those inducting criminals': Kejriwal targets Amit Shah; cites own '160 days jail govt'
'What about those inducting criminals': Kejriwal targets Amit Shah; cites own '160 days jail govt'
TOI News Desk
/ TIMESOFINDIA.COM /
Updated: Aug 25, 2025, 20:31 IST
Share
AA
+
Text Size
Small
Medium
Large
Arvind Kejriwal has launched a sharp retort to Amit Shah's defense of the 130th constitutional amendment bill, which proposes disqualifying lawmakers jailed for over 30 days in serious cases. Kejriwal questioned the ethics of inducting criminals into parties and rewarding them with high office. Shah expressed confidence that the bill, aimed at upholding constitutional morality, would pass despite opposition.
Arvind Kejriwal (File photo)
NEW DELHI: Former Delhi chief minister Arvind Kejriwal on Monday shot off a barbed response to Union home minister
Amit Shah
’s recent interview, in which the BJP leader defended the government's 130th constitutional amendment bill.
The bill proposes the removal of lawmakers detained or arrested for more than 30 days in cases carrying a punishment of five years or more.
Delhi Polls: Kejriwal Attacks Election Commissioner; Shah Says People Will Sweep AAP Out With Broom
In the interview with news agency ANI, Shah asked if it was ""fair for ministers, chief ministers or even the prime minister—accused of corruption or facing charges with more than five years’ punishment -- to run the government from jail?""
Responding to the Union home minister's question, Kejriwal posed a counter question asking: ""And what about a leader who inducts hardened criminals into his party, helps them wipe off their cases, and then rewards them with positions like minister, deputy chief minister, or even chief minister—should such a minister or prime minister not also be forced to step down? How many years of imprisonment should such a person face?""
The AAP convenor further asked: ""Finally, if someone is falsely implicated in a case, sent to jail, and later acquitted, how many years of jail should the minister responsible for framing that false case get?""
Kerjiwal had refused to step down as Delhi CM when he was jailed over the alleged scam linked to the scrapped Delhi liquor policy and continued to serve as chief minister from Tihar jail.
Referring to the incident, Shah said: ""When the constitution was made, the constitution makers would not have imagined such shamelessness that any CM would go to jail and remain the CM from jail.""
Shah said Kejriwal continued to serve as CM as the Delhi high court ruled that there was no provision in the law to remove him from the post.
""When the case went to the high court, it was argued that Arvind Kejriwal should resign because he is in jail.
The high Court said that we believe that he should resign on moral grounds but there is no provision in the current law. My party believes, the Prime Minister of the country believes that no CM, minister or PM in this country can run the government while being in jail,"" the Union home minister said.
Kejriwal attacked Amit Shah over his statement, saying his 160-day government from jail was better than the current BJP-led Delhi government.
""When the Centre conspired to frame me in false cases and sent me to jail, I ran the government for 160 days from behind bars. In the past seven months, the BJP government in Delhi has dragged the city into such a mess that people now recall those jail days of governance. At least back then, the power and water were available, medicines were free in hospitals and mohalla clinics, medical tests were free, one spell of rain didn’t throw the city into chaos, and private schools weren’t given a free hand to extort and bully parents,"" the ex-Delhi CM said.
BJP's national spokesperson Shehzad Poonawalla lashed out at Kejriwal over his remark, saying: ""During Covid we worked from home. Now they want 'Work from Jail' for the 1st time in India. Can a CM hold meetings from prison? Where will public hearings be held — inside jail rooms? How will we cope if their is any emergency? This fails both on morality and practicality.""
In the interview, Shah also expressed confidence that the Constitution (130th Amendment) Bill, 2025, will be passed, despite the opposition's fierce criticism.
Shah said it's aimed at upholding ""constitutional morality"" and public trust, emphasising that the bill would apply equally to all leaders, including those from the ruling party.
""I am sure it will be passed. There will be many people in the Congress party and in the opposition who will support morality and maintain the moral ground,"" he said.
""The Prime Minister himself has included the post of PM in this... Earlier, Indira Gandhi had brought the 39th amendment (of protecting the President, VP, PM, and Speaker from judicial review by Indian courts)...Narendra Modi ji has brought a constitutional amendment against himself that if the Prime Minister goes to jail, he will have to resign,"" Shah added.
Currently, the bill has been referred to a JPC for detailed scrutiny, comprising 31 members from both houses of Parliament. The committee will examine the bill and provide recommendations before it is put to vote.
About the Author
TOI News Desk
The TOI News Desk comprises a dedicated and tireless team of journalists who operate around the clock to deliver the most current and comprehensive news and updates to the readers of The Times of India worldwide. With an unwavering commitment to excellence in journalism, our team is at the forefront of gathering, verifying, and presenting breaking news, in-depth analysis, and insightful reports on a wide range of topics. The TOI News Desk is your trusted source for staying informed and connected to the ever-evolving global landscape, ensuring that our readers are equipped with the latest developments that matter most.""
Read More"
https://timesofindia.indiatimes.com/india/indias-got-latent-row-supreme-court-directs-samay-raina-ranveer-allahbadia-to-apologise-asks-centre-to-frame-guidelines/articleshow/123496358.cms,"Weather
Sign In
News
India News
‘It’s not freedom of speech’: SC pulls up Samay Raina for mocking disabled in show; seeks apology
‘It’s not freedom of speech’: SC pulls up Samay Raina for mocking disabled in show; seeks apology
TOI News Desk
/ TIMESOFINDIA.COM /
Updated: Aug 25, 2025, 13:12 IST
Share
AA
+
Text Size
Small
Medium
Large
The Supreme Court has instructed five social media influencers, including Samay Raina, to publicly apologize for mocking individuals with disabilities. This directive follows allegations of ridiculing people with Spinal Muscular Atrophy and blindness. The court emphasized that freedom of speech cannot infringe upon the right to dignity, and further decisions on penalties will be determined later.
NEW DELHI: The Supreme Court on Monday directed five social media influencers, including India’s Got Latent host Samay Raina, to issue a public apology for mocking persons with disabilities.
The apex court observed that freedom of speech and expression can't be applicable to commercial speech hurting sentiments of other community.
The court asked the Centre to frame guidelines for social media to curb speeches offending or ridiculing disabled, women, children and senior citizens.
Samay Raina’s Epic India Comeback: 'Still Alive and Unfiltered' Tour Sells 40k Tickets in One Hour
The top court also said that it will impose penalties on the social media influencers, including Raina for targeting persons with disabilities.
Guidelines for social media regulations shouldn't be knee jerk reaction but based on broad parameters having views of all stakeholders, the SC observed, as reported by PTI.
Also read -
Row over joke on disability: SC pulls up Samay Raina, 4 others; observes 'many free advisors in market'
Poll
Do you believe social media influencers should be held accountable for their statements?
Yes
No
According to LiveLaw, counsel for the respondents undertook that each of them would display an apology on their YouTube channels and podcasts and also file affidavits confirming compliance. The court said their personal appearance was dispensed with for now, provided they adhered to this undertaking.
Also read -
Samay Raina, other influencers must appear personally in court: Supreme Court
""Humor is well taken and is a part of life. We laugh at ourselves. But when we start laughing at others and create a breach of sensibility...on a community plane, when humor is generated, it becomes problematic. And this is what so-called influencers of today should bear in mind. They are commercializing speech. The community at large should not be utilized to hurt the sentiments of certain sections. It's not only freedom of speech, it's commercial speech,"" the bench said, as quoted by LiveLaw.
The bench of Justices Surya Kant and Joymalya Bagchi also said the question of penalty or costs would be decided later.
During the hearing, Justice Kant remarked, “There should be a balance of rights and duties”.
What happened during earlier hearings
During the hearing on July 15, the court asked Attorney General R Venkataramani to draft social media guidelines balancing free speech and others' rights. Emphasising the difficulty of enforcing such guidelines, the bench remarked, “Article 19...
can’t overpower Article 21,” adding, “Suppose a race takes place between Article 19 and 21, Article 21 has to trump Article 19.”
Justice Kant had stressed the need to protect dignity: “What we are doing is for posterity. You have to ensure that not a single word is misused by anyone... A framework must be there that the dignity of anyone is not violated.”
The petition was filed by NGO Cure SMA Foundation of India. The court previously warned that mocking the disabled cannot be allowed under the guise of free speech and termed the influencers’ actions “damaging” and “demoralising.”
Raina, along with podcaster Ranveer Allahbadia, was booked by Maharashtra and Assam police. The court earlier granted Allahbadia interim protection from arrest, calling his remarks “vulgar” and evidence of a “dirty mind which put society to shame.”
About the Author
TOI News Desk
The TOI News Desk comprises a dedicated and tireless team of journalists who operate around the clock to deliver the most current and comprehensive news and updates to the readers of The Times of India worldwide. With an unwavering commitment to excellence in journalism, our team is at the forefront of gathering, verifying, and presenting breaking news, in-depth analysis, and insightful reports on a wide range of topics. The TOI News Desk is your trusted source for staying informed and connected to the ever-evolving global landscape, ensuring that our readers are equipped with the latest developments that matter most.""
Read More"
https://timesofindia.indiatimes.com/india/100-per-cent-fake-only-to-divert-attention-from-pm-modis-fake-degree-atishi-criticises-aap-leader-saurabh-bharadwajs/articleshow/123527167.cms,"Weather
Sign In
News
India News
'100 per cent fake, only to divert attention from PM Modi's fake degree': Atishi criticises AAP leader Saurabh Bharadwaj's
'100 per cent fake, only to divert attention from PM Modi's fake degree': Atishi criticises AAP leader Saurabh Bharadwaj's
ANI /
Aug 26, 2025, 18:48 IST
Share
AA
+
Text Size
Small
Medium
Large
AAP leader Atishi has denounced the ED raids on Saurabh Bharadwaj's residence as a fabricated attempt to divert attention from questions surrounding PM Modi's education degree. She asserted that the raids, linked to alleged irregularities in hospital construction, are baseless and intended to intimidate the AAP, emphasizing the party's integrity and resilience against such actions.
NEW DELHI:
Aam Aadmi Party
(AAP) leader
Atishi
alleged that the ""ridiculous"" raids by the
Enforcement Directorate
on party leader Saurabh Bharadwaj's residence on Tuesday morning were ""100 per cent fake"" and a strategy to divert attention from the row over
Prime Minister Narendra Modi
's education degree.
""These raids are 100% fake because at the time when this matter pertained, Saurabh Bharadwaj was not even a minister. He became a minister two years later. This is ridiculous... These raids are fake and a strategy to divert attention from PM Modi's fake degree issue. This is to threaten the AAP. The AAP has not committed a single rupee of corruption... No matter how many raids are conducted, AAP is 'Kattar Imaandar'...
We are not scared of these raids..."" Atishi said while addressing a press conference in the national capital today.
Atishi further asked why Delhi University did not want to take pride in the PM being their alumni.
""An RTI activist got an order from the CIC that the Delhi University must show PM Modi's degree. Instead of showing the degree, the university went to the High Court against the CIC order... The entire nation wants to know why the university does not take pride in the fact that its student is the Prime Minister...
The entire nation was talking about this. To divert attention from this issue, fake ED raids are being conducted at Saurabh Bharadwaj's residence.
.."" she further said.
The ED today conducted searches at the residence of former Delhi Health Minister Saurabh Bhardwaj in connection with a money laundering probe linked to alleged irregularities in hospital construction projects in the national capital.
The raids began early morning at 13 locations, including Bhardwaj's residence, across the Delhi-NCR region, based on a certain tip-off in connection with the case.
The search operations were carried out under Section 17 of the Prevention of Money Laundering Act, 2002 (PMLA)."
https://timesofindia.indiatimes.com/india/judges-vs-judges-india-bloc-vp-nominee-sudershan-reddy-56-retired-judges-caution-peers-what-they-wrote-in-letter/articleshow/123527071.cms,"Weather
Sign In
News
India News
Judges vs judges over INDIA bloc VP nominee Sudershan Reddy: 56 retired judges caution peers - what they wrote in letter
Judges vs judges over INDIA bloc VP nominee Sudershan Reddy: 56 retired judges caution peers - what they wrote in letter
TOI News Desk
/ TIMESOFINDIA.COM /
Updated: Aug 26, 2025, 18:54 IST
Share
AA
+
Text Size
Small
Medium
Large
Following Amit Shah's criticism of Justice Sudershan Reddy's Salwa Judum judgment, 56 retired judges, including former CJIs Sathasivam and Gogoi, issued a counter-statement disagreeing with the initial group of judges who defended Reddy. They urged their colleagues to avoid politically motivated statements, emphasizing that the judiciary should remain distinct from political entanglements.
B Sudershan Reddy
NEW DELHI: A day after a group of retired judges criticised Union home minister
Amit Shah
for his remarks on the Salwa Judum judgment of opposition vice-presidential nominee Justice B Sudershan Reddy, another set of 56 retired judges issued a counter statement with ""strong disagreement"" on Tuesday.
This group, which included four former Supreme Court judges, former Chief Justices P Sathasivam, Ranjan Gogoi, AK Sikri and former judge MR Shah, urged their ""brother judges"" to ""desist from lending their names to politically motivated statements.""
""Let those who have chosen the path of politics defend themselves in that realm. The institution of the judiciary must be kept above and distinct from such entanglements,"" the 56 judges said in their statement.
They pointed to a ""predictable pattern"" where every major political development is followed by statements from the same group of people, which they said try to “cloak their political partisanship under the language of judicial independence.”
On Justice Reddy’s decision to contest as the INDIA bloc’s vice-presidential candidate, the statement said this was his personal choice. “A fellow retired judge has chosen, of his own volition, to contest the election for the office of the Vice President of India.
By doing so, he has stepped into the political arena as a candidate supported by the opposition. Having made that choice, he must defend his candidacy like any other contestant, in the realm of political debate.
To suggest otherwise is to stifle democratic discourse and to misuse the cover of judicial independence for political convenience.”
The statement further said: ""Judicial independence is not threatened by the criticism of a political candidate.
What truly tarnishes the reputation of the judiciary is when former judges repeatedly issue partisan statements, giving the impression that the institution itself is aligned with political battles. As a result of these tactics, because of the fault of a few, the larger body of judges ends up being painted as partisan coterie.
This is neither fair nor healthy for India’s judiciary or democracy.”
A day earlier in Kerala, Amit Shah had attacked Justice Reddy over his past ruling on Salwa Judum, a state-backed anti-Naxalite campaign in Chhattisgarh.
Shah said, “Sudershan Reddy is the person who helped Naxalism. He gave Salwa Judum judgment. If the Salwa Judum judgment had not been given, the Naxal terrorism would have ended by 2020. He is the person who was inspired by the ideology that gave Salwa Judum judgment.
""
On the same day, a different group of 18 retired Supreme Court judges wrote separately to Amit Shah, objecting to his comments against Justice Reddy. They described Shah’s remarks as ""unfortunate"" and advised that it would be wise to refrain from ""name-calling.""
About the Author
TOI News Desk
The TOI News Desk comprises a dedicated and tireless team of journalists who operate around the clock to deliver the most current and comprehensive news and updates to the readers of The Times of India worldwide. With an unwavering commitment to excellence in journalism, our team is at the forefront of gathering, verifying, and presenting breaking news, in-depth analysis, and insightful reports on a wide range of topics. The TOI News Desk is your trusted source for staying informed and connected to the ever-evolving global landscape, ensuring that our readers are equipped with the latest developments that matter most.""
Read More"
https://timesofindia.indiatimes.com/india/himachal-pradesh-flash-floods-raging-beas-waters-wash-away-portion-of-manali-leh-highway-videos/articleshow/123525761.cms,"Weather
Sign In
News
India News
Himachal Pradesh flash floods: Raging Beas waters wash away portion of Manali-Leh highway- videos
Himachal Pradesh flash floods: Raging Beas waters wash away portion of Manali-Leh highway- videos
TOI News Desk
/ TIMESOFINDIA.COM /
Updated: Aug 26, 2025, 18:51 IST
Share
AA
+
Text Size
Small
Medium
Large
Himachal Pradesh is grappling with severe flooding and landslides triggered by heavy rainfall, leading to road closures, school shutdowns, and disrupted utilities. The Manali-Leh highway is blocked, and a truck was swept away by floodwaters. Tragically, numerous fatalities and significant financial losses have already occurred due to the relentless downpour, with more heavy rain forecasted.
NEW DELHI: A flash flood in Himachal Pradesh swept away shops and multi-storey houses, while also blocking the Manali–Leh highway.
A viral video shows a section of the Manali–Leh highway washed away as the swollen Beas River overflowed into Alu Ground in Manali, leaving the highway blocked at multiple points, officials said.
Flood Threat For Pakistan As India Releases Water From Swollen Rivers Day After Alerting Islamabad
No loss of life was reported in any of the incidents that have occurred since Monday night, they said.
The local meteorological office has issued a ""red alert"" for extremely heavy rainfall in parts of Kangra, Chamba, and Lahaul-Spiti districts on Tuesday.
An orange alert has also been sounded for Una, Hamirpur, Bilaspur, Solan, Mandi, Kullu, and Shimla, warning of intense showers in these areas.
Another viral video from Manali captured the dramatic moment a fully-loaded heavy-duty truck was swept away by the surging waters as it attempted to cross the torrent.
Various district administrations have ordered the closure of all educational institutions. An order to this effect was issued by Mandi, Kangra, Chamba, Una, Bilaspur, Hamirpur, Solan and Banjar, Kullu district administrations on Monday evening. The Shimla district administration ordered the closure of all govt and private educational institutions on Tuesday morning. Shimla district has been pounded by rain since Monday morning.
The downpour triggered landslides and uprooted trees, leading to road closures. The meteorological department has forecast more heavy rain during the next 24 hours. Therefore, considering the safety of the students, educational institutions will remain closed in the district on Tuesday, Shimla Deputy Commissioner Anupam Kashyap said in an official order.
A total of 795 roads were closed in the state as on Monday night and around 956 power supply transformers and 517 water supply schemes were disrupted, the State Emergency Operation Centre (SEOC) said.
Out of the 795 closed roads, 289 are in Mandi district, 214 in Chamba and 132 in Kullu. National Highway (NH) 3 (Mandi-Dharampur road) and NH 305 (Aut-Sainj) are also closed, it said.
Between June 20 and August 25, at least 156 people have died in rain-related incidents in Himachal Pradesh while 38 have gone missing, according to the SEOC. The state has witnessed 77 flash floods, 41 cloudbursts and 81 major landslides so far. It has incurred losses to the tune of Rs 2,394 crore in rain-related incidents, the SEOC data showed. Himachal Pradesh received 703.7 mm of rainfall from June 1 to August 25 against an average of 577.9 mm, an excess of 22 per cent.
The state has received 44 per cent excess rainfall in August so far.
About the Author
TOI News Desk
The TOI News Desk comprises a dedicated and tireless team of journalists who operate around the clock to deliver the most current and comprehensive news and updates to the readers of The Times of India worldwide. With an unwavering commitment to excellence in journalism, our team is at the forefront of gathering, verifying, and presenting breaking news, in-depth analysis, and insightful reports on a wide range of topics. The TOI News Desk is your trusted source for staying informed and connected to the ever-evolving global landscape, ensuring that our readers are equipped with the latest developments that matter most.""
Read More"
https://timesofindia.indiatimes.com/india/was-approached-to-favour-a-party-tribunal-judge-opts-out-of-insolvency-case-we-are-anguished/articleshow/123526862.cms,"Weather
Sign In
News
India News
Was approached to favour a party: Tribunal judge opts out of insolvency case, shows message received on phone
Was approached to favour a party: Tribunal judge opts out of insolvency case, shows message received on phone
TOI News Desk
/ TIMESOFINDIA.COM /
Updated: Aug 26, 2025, 18:34 IST
Share
AA
+
Text Size
Small
Medium
Large
Justice Sharad Kumar Sharma of NCLAT recused himself from an insolvency case.
NEW DELHI: The National Company Law Appellate Tribunal at Chennai said Justice Sharad Kumar Sharma recused himself from hearing one particular case as he was contacted for a favourable order.
“We are anguished to observe that one of us, Member (Judicial), has been approached by one of the most revered members of the higher judiciary of this country for seeking an order in favour of a particular party. Hence, I recuse to hear the matter,"" the NCLAT order of August 13 said.
According to Bar & Bench, Justice Sharma referred to a message that he had received on his mobile phone and showed it to the lawyers involved in the case.
The message was not disclosed in court.
The case involves the insolvency proceedings against Hyderabad-based real estate company, KLSR Infratech Ltd. The company had filed an appeal against a decision by the Hyderabad bench of the NCLT that allowed AS Met Corp Pvt Ltd to initiate the insolvency process against it.
Earlier, too, Justice Sharma recused himself, citing attempts to influence adjudication. In June this year, he said he was approached by one of the respondents in a case of appeals out of disputes involving Shri Ramalinga Mills and related companies. In November 2024, Justice Sharma recused himself from a different matter involving Jeppiar Cements after recording in an order that he had been approached by his brother with a request to reserve the case for orders.
Earlier in 2024, Justice Sharma recused from hearing the insolvency matters of Byju's as it was initiated on a plea filed by Board of Control for Cricket in India (BCCI), for whom he had previously appeared as a lawyer in many cases.
About the Author
TOI News Desk
The TOI News Desk comprises a dedicated and tireless team of journalists who operate around the clock to deliver the most current and comprehensive news and updates to the readers of The Times of India worldwide. With an unwavering commitment to excellence in journalism, our team is at the forefront of gathering, verifying, and presenting breaking news, in-depth analysis, and insightful reports on a wide range of topics. The TOI News Desk is your trusted source for staying informed and connected to the ever-evolving global landscape, ensuring that our readers are equipped with the latest developments that matter most.""
Read More"
https://timesofindia.indiatimes.com/india/srinagar-airport-brawl-army-official-put-on-spicejet-no-fly-list-for-5-years/articleshow/123526748.cms,"Weather
Sign In
News
India News
Srinagar airport brawl: Army official put on SpiceJet no fly list for 5 years
Srinagar airport brawl: Army official put on SpiceJet no fly list for 5 years
Saurabh Sinha
/ TNN /
Updated: Aug 26, 2025, 18:52 IST
Share
AA
+
Text Size
Small
Medium
Large
A senior Army official has been placed on SpiceJet's no-fly list for five years after allegedly assaulting four airline employees at Srinagar airport in July 2025. The incident occurred when staff requested payment for excess baggage. SpiceJet reports that its employees sustained severe injuries, including a spinal fracture and jaw injuries, due to the assault.
File photo
NEW DELHI: A senior Army official who ""grievously assaulted"" four SpiceJet employees at Srinagar airport on July 26, 2025, has been put on the no fly list of the airline for five years.
He will not be allowed on any SpiceJet flight, whether domestic or international, for five years, said officials.
The decision was taken by a panel set up as per rules -- comprising of two retired judges and a representative of another airline -- to determine gravity of the Army official's act. In the last five years, India has put 379 passengers on the no-fly list on the last five years.
India's no fly list rules categorise unruly passengers into three categories each with its own duration for being put on the no fly list -- upto three and six months for level 1 & 2 misconduct, respectively.
Level 3 means not bein able to fly for at least two years.
The Army official's alleged unruly conduct has been deemed fit to be the most serious category. While SpiceJet had put him on the list for five years, other airlines are also free to do so.
About the brawl at Srinagar airport, SpiceJet had said the four employees had asked the official to pay for excess cabin baggage he was carrying on a flight (SG 386) to Delhi. The airline says its staff members “suffered a spinal fracture and serious jaw injuries after being attacked with punches, repeated kicks and a queue stand.”
The passenger “was carrying two pieces of cabin baggage weighing a total of 16 kg, more than double the permitted limit of 7 kg. When politely informed of the excess baggage and asked to pay the applicable charges, the passenger refused and forcefully entered the aerobridge without completing the boarding process – a clear violation of aviation security protocols. He was escorted back to the gate by a CISF official.
At the gate, the passenger grew increasingly aggressive and physically assaulted four members of the SpiceJet ground staff,” a SpiceJet spokesperson had said earlier.
""One SpiceJet employee collapsed unconscious on the floor but the passenger continued kicking and hitting the fainted employee. Another staff member suffered bleeding from the nose and mouth after receiving a forceful kick to the jaw while bending down to assist the colleague who had fainted. The injured employees were rushed to hospital and remain under treatment for the grievous injuries sustained,” he had added."
https://timesofindia.indiatimes.com/india/evening-news-wrap-rescue-ops-continue-as-landslide-hits-vaishno-devi-shrine-indian-navy-commissions-ins-udaygiri-and-himgiri-more/articleshow/123526087.cms,"Weather
Sign In
News
India News
Evening News Wrap: Rescue ops continue as landslide hits Vaishno Devi shrine; Indian Navy commissions INS Udaygiri and Himgiri & more
Evening News Wrap: Rescue ops continue as landslide hits Vaishno Devi shrine; Indian Navy commissions INS Udaygiri and Himgiri & more
TIMESOFINDIA.COM /
Aug 26, 2025, 18:12 IST
Share
AA
+
Text Size
Small
Medium
Large
India faced a day of diverse events, including a deadly landslide at Vaishno Devi shrine, the commissioning of INS Udaygiri and Himgiri by the Indian Navy, and US tariffs threatening Indian exports. A dowry murder case in Noida sparked outrage, while cricket legend Cheteshwar Pujara retired.
In the last 24 hours, India witnessed a series of major developments — from heavy rains in Jammu and Kashmir triggering a landslide on the route to the Vaishno Devi shrine atop Trikuta hill, to the Noida dowry case where the victim’s father alleged he gave Rs 1.5 lakh for setting up a beauty parlour, but her in-laws “did not even allow her to put up a signboard.
” On the global front, US tariffs have posed a significant trade challenge for India, impacting nearly 66% of Indian exports to the US, worth around $86.5 billion. Meanwhile, the
Indian Navy
marked a key milestone, and in sports, Cheteshwar Pujara, the former Indian Test cricket stalwart, announced his retirement after a distinguished career of 103 matches.
Here are top 5 stories:
Landslide hits Vaishno Devi shrine route; 5 killed
At least five people died and 14 were injured after a landslide struck the Vaishno Devi shrine route near Adhkwari in Jammu and Kashmir’s Reasi district on Tuesday.
The incident, triggered by relentless rainfall, occurred midway on the 12-km trek, leading to suspension of the yatra. Rescue operations with manpower and machinery are underway.
Read more
India scripts history: Navy commissions
INS Udaygiri
and Himgiri
In a landmark development, the Indian Navy on Tuesday commissioned two state-of-the-art stealth frigates, INS Udaygiri and INS Himgiri, at Visakhapatnam in the presence of Defence Minister Rajnath Singh. This is the first time two frontline warships built at different shipyards—Udaygiri at Mazagon Dock (Mumbai) and Himgiri at GRSE (Kolkata)—were inducted together.
Part of the advanced Project 17A class, the frigates enhance Blue Water combat capabilities with stealth features, upgraded weapons, sensors, and propulsion systems.
The event also marked Udaygiri as the 100th warship designed by the Navy’s Warship Design Bureau, underscoring India’s growing indigenous shipbuilding expertise.
Read more
Donald Trump’s tariffs to hit 66% of India’s exports to US
The Donald Trump administration’s decision to impose 50% tariffs on Indian goods from August 27, 2025, is set to hit India’s export sector hard.
A draft notification from the US Department of Homeland Security confirmed the move, impacting $60.2 billion worth of Indian exports—including textiles, jewellery, shrimp, carpets, and furniture. According to the Global Trade Research Initiative (GTRI), labour-intensive sectors could see export volumes drop by up to 70%.
The duties cover nearly 66% of India’s total exports to the US, worth $86.5 billion. Beneficiaries are likely to be rival exporters from China, Vietnam, and Mexico.
Read more
Noida dowry murder case: Father of Nikki Bhati makes shocking claim
Nikki Bhati's father is demanding the demolition of her in-laws' house after she was allegedly murdered for dowry in Greater Noida. He accuses the family of relentless harassment and obstructing her business aspirations, alleging his daughter was set ablaze after dowry demands went unmet. Police have arrested the husband and in-laws, while the NCW condemns the killing.
Read more
Cheteshwar Pujara retires: How much pension will he earn each month?
Cheteshwar Pujara, the former Indian Test cricket legend, has retired from international cricket after an illustrious career spanning 103 Test matches. He accumulated 7,195 runs and played a pivotal role in India's batting lineup. The BCCI will provide Pujara with a monthly pension, acknowledging his significant contributions to Indian cricket.
Read more"
https://timesofindia.indiatimes.com/india/speak-marathi-this-is-maharashtra-family-says-targeted-by-auto-drivers-in-navi-mumbai-video/articleshow/123525087.cms,"Weather
Sign In
News
India News
'Speak Marathi, this is Maharashtra': Family says targeted by auto drivers in Navi Mumbai - video
'Speak Marathi, this is Maharashtra': Family says targeted by auto drivers in Navi Mumbai - video
TOI News Desk
/ TIMESOFINDIA.COM /
Updated: Aug 26, 2025, 18:04 IST
Share
AA
+
Text Size
Small
Medium
Large
A family in Koparkhairane was allegedly harassed and threatened by auto drivers for not speaking Marathi, sparking outrage online. The incident involved their car being rammed, followed by demands for money and verbal abuse targeting their origin. This event adds to growing concerns about language-based intimidation in Maharashtra, following a similar assault on a sweet shop owner in Mira Road.
Screengrab from the viral video (Image: Instagram/zoyaali.reel.life)
NEW DELHI: A video of a family being allegedly harassed and threatened by auto drivers in Navi Mumbai has gone viral on social media, sparking outrage over growing cases of language-based intimidation in
Maharashtra
.
The clip, shared by the account Zoyali Reel Life, shows a netizen recounting the ordeal. According to the post, the incident took place on the stretch from Koparkhairane to Ghansoli.
The family claimed that their car was rammed by an auto-rickshaw, which damaged their number plate. Soon after, three to four more rickshaws blocked their vehicle.
'Speak Marathi, Or...': Maharashtra Minister's Shocking Take on Slapgate, Thackeray Echoes Sentiment
With their six-month-old baby inside, the family alleged they were harassed and forced to pay money.
As per the post, attackers also targeted them for being non-Marathi speakers.
One man started shouting, ‘Speak Marathi, this is Maharashtra!’ while another auto driver said, ‘They are from Delhi, take double money from them!’
""Harassed by locals for not speaking marathi. Forced us to pay. Maharashtra is not safe for outsiders.',” the netizen wrote.
The clip has triggered widespread reactions online. One user wrote, “Very disappointed. Hope you guys are safe and be careful.” Another commented, “Great job for making it public. Stay safe!”
The incident comes amid growing concerns over similar cases. Last month, seven unidentified persons, allegedly linked to the
Maharashtra Navnirman Sena
(MNS), were booked in
Mira Road
for assaulting a sweet shop owner for not speaking Marathi.
About the Author
TOI News Desk
The TOI News Desk comprises a dedicated and tireless team of journalists who operate around the clock to deliver the most current and comprehensive news and updates to the readers of The Times of India worldwide. With an unwavering commitment to excellence in journalism, our team is at the forefront of gathering, verifying, and presenting breaking news, in-depth analysis, and insightful reports on a wide range of topics. The TOI News Desk is your trusted source for staying informed and connected to the ever-evolving global landscape, ensuring that our readers are equipped with the latest developments that matter most.""
Read More"
https://timesofindia.indiatimes.com/india/if-need-arises-opening-will-be-done-by-navy-chief-of-naval-staff-on-op-sindoor-says-indias-aggression-kept-pak-navy-captive/articleshow/123523346.cms,"Weather
Sign In
News
India News
'If need arises, opening will be done by Navy': Chief of Naval Staff on Op Sindoor, says India's aggression kept Pak navy captive
'If need arises, opening will be done by Navy': Chief of Naval Staff on Op Sindoor, says India's aggression kept Pak navy captive
TOI News Desk
/ TIMESOFINDIA.COM /
Updated: Aug 26, 2025, 19:27 IST
Share
AA
+
Text Size
Small
Medium
Large
Admiral Dinesh Kumar Tripathi affirmed the Indian Navy's readiness to act decisively, continuing Operation Sindoor if necessary. Speaking at the commissioning of INS Udaygiri and INS Himgiri, he highlighted their role in deterring enemies and keeping Pakistan in check. Rajnath Singh commissioned the frigates, emphasizing their advanced capabilities for various missions and contribution to India's maritime security.
NEW DELHI: Chief of Naval Staff Admiral Dinesh Kumar Tripathi on Tuesday said the
Indian Navy
will ""open"" next time against Pakistan and continue
Operation Sindoor
if such circumstances arise again.
Speaking in Vishakhapatnam during the commissioning of two new frigates, INS Udaygiri and INS Himgiri, Tripathi said: ""In this era of uncertainties and competition, Indian Navy's capability to deliver an overwhelming force at sea is a credible deterrence against India's enemies.
We demonstrated it well during Operation Sindoor.""
Amid the commissioning ceremony of the latest state-of-the-art Project 17A multi-mission stealth frigates, Tripathi also said that India’s deployment of units and firm posture had kept Pakistan in check.
""The swift deployment and aggressive posturing of our units held the Pakistan navy captive in a way and forced them to request us to end kinetic actions. Sir, a few days ago, from the deck of INS Vikrant, you had assured the Indian Navy that Operation Sindoor has not ended, and if the need arises again, there is a probability that the opening will be done by the Indian Navy, "" the Navy general said.
The chief further highlighted the importance of Udaygiri and Himgiri, noting that they are the 100th and 101st warships designed by India’s own warship design bureau.
""Modern and state-of-the-art platforms like Udaygiri and Himgiri, make us more capable of giving an opening knock-out punch to the enemy. On this occassion, I would like to remember the words of PM Narendra Modi. He said that the basic principle of security is that you have unique and customised systems.
Uniqueness and surprise elements can be there only when equipment is manufactured in your own country... Himgiri and Udaygiri are the 100th and 101st warships designed by India's very own warship design bureau, with more than 75% indigenous content.
More than 200 MSMEs came together for their construction, which employed more than 14000 people,"" Tripathi aded.
Defence minister Rajnath Singh attended the ceremony and commissioned two important additions to India’s naval strength. These follow-on ships of the Project 17 (Shivalik) class frigates come with major upgrades in design, stealth, weapons and sensor systems. They are capable of handling a wide range of missions, from surface combat and anti-submarine warfare to electronic operations and surveillance, making them vital for protecting India’s sea lanes and maritime interests.
About the Author
TOI News Desk
The TOI News Desk comprises a dedicated and tireless team of journalists who operate around the clock to deliver the most current and comprehensive news and updates to the readers of The Times of India worldwide. With an unwavering commitment to excellence in journalism, our team is at the forefront of gathering, verifying, and presenting breaking news, in-depth analysis, and insightful reports on a wide range of topics. The TOI News Desk is your trusted source for staying informed and connected to the ever-evolving global landscape, ensuring that our readers are equipped with the latest developments that matter most.""
Read More"
https://timesofindia.indiatimes.com/india/keralas-first-transgender-students-hostel-opened/articleshow/123524373.cms,"Weather
Sign In
News
India News
Kerala's first transgender students' hostel opened
Kerala's first transgender students' hostel opened
PTI /
Updated: Aug 26, 2025, 17:07 IST
Share
AA
+
Text Size
Small
Medium
Large
Kerala's Mahatma Gandhi University has inaugurated the state's first hostel exclusively for transgender students, a significant step towards inclusivity in higher education. Social Justice Minister R Bindhu highlighted the increasing number of transgender students pursuing higher education and emphasized the importance of societal support. The hostel, accommodating at least six students, addresses the accommodation challenges faced by the community.
KOTTAYAM: For the first time in the state, a hostel exclusively to accommodate transgender students has been opened on the Mahatma Gandhi University campus in Kerala's Kottayam district.
State Social Justice Minister R Bindhu on Monday inaugurated the hostel building, a long-standing demand of the students belonging to the marginalised community.
University sources here said the TG hostel can accommodate at least six students.
They also said the new hostel facility on the university campus is expected to woo more students from the transgender community to higher education.
Minister Bindhu said there is a remarkable increase in the number of trangender students who clear the Junior Research Fellowship (JRF) in the state.
Poll
Do you support the establishment of exclusive hostels for transgender students in universities?
Yes, it's essential for inclusivity
No, other accommodations are sufficient
""In this circumstance, I appreciate the hostel project initiated by the MG University. The marginalised community are fighting various odds in life.We should ensure social support for them,"" she told reporters here.
Even families used to reject transgender people, and so society has a big role to play in their lives, the minister added.
A transgender student said the hostel facility in the university is a boon, as the community students are finding it difficult to get accommodation and also to meet the soaring rental amount."
https://timesofindia.indiatimes.com/india/landslide-hits-mata-vaishno-devi-shrine-route-in-jks-reasi-district/articleshow/123524110.cms,"Weather
Sign In
News
India News
J&K flash floods: 6 killed as landslide hits Vaishno Devi shrine route - top developments
J&K flash floods: 6 killed as landslide hits Vaishno Devi shrine route - top developments
TOI News Desk
/ TIMESOFINDIA.COM /
Updated: Aug 26, 2025, 19:51 IST
Share
AA
+
Text Size
Small
Medium
Large
Heavy monsoon rains triggered a landslide on the Mata Vaishno Devi shrine route in Jammu and Kashmir, injuring at least six. The yatra has been suspended, and trains to Katra cancelled. Widespread disruption continues across the region with landslides blocking the Jammu-Srinagar highway and cloudbursts causing flash floods in Doda.
NEW DELHI: At least six people were killed as continuous heavy rain led to a landslide on the route to the Mata Vaishno Devi shrine atop the Trikuta hill on Tuesday afternoon in J&K's Reasi district, taking the overall death toll from rain-related incidents in the Jammu region to 10.
Fourteen others were injured in the incident, news agency PTI reported quoting officials.
Sharing a post on X, Shri Mata Vaishno Devi Shrine Board said, ""A landslide incident has occurred near Inderprastha Bhojnalaya at Adhkwari, some injuries are feared. Rescue operations are underway along with required manpower and machinery.""
Flood Threat For Pakistan As India Releases Water From Swollen Rivers Day After Alerting Islamabad
The incident occurred about halfway along the 12-km trek to the hilltop temple later leading to suspension of the yarta.
The incident comes amid heavy rainfall lashing Jammu and Kashmir for the third consecutive day.
Yatra suspended, around 10 trains cancelled
Authorities had already suspended the yatra on the Himkoti route in the morning due to heavy rainfall. However, the yarta was ongoing on the old route till 1.30 pm which was later suspended till further orders following the landslide.
Railways has cancelled nearly 18 trains due to heavy rains, with most services from Katra suspended.
According to ANI, train movement was disrupted after heavy soil erosion and flash floods in the Chakki River damaged the down line between Pathankot Cantt (PTKC) and Kandrori (KNDI).
Indian army joins rescue operation
Troops of Rising Star Corps swung into action to rescue villagers affected by flash floods in several areas, including Amli and Nud in Samba, as well as Kachle and Sujanpur in Pathankot, Makaura Pattan and Adalatgarh in Gurdaspur.
The Indian Army said that three relief columns of the White Knight Corps were swiftly mobilised for rescue and relief operations in and around Katra.
""One Column is assisting in saving lives in Ardhkuwari, Katra, One relief column reached location of landslide on the road Katra to Thakra Kot and one column providing assistance south of Jaurian. Efforts are on to save lives, provide assistance to needy and take the civilians to safe areas. Close coordination with civil agencies is being carried out,"" the Indian army posted on X.
Monsoon causes widespread disruption
The Jammu region has been experiencing intense monsoon showers, leading to swollen rivers, frequent landslides, and severe disruption of life in low-lying and hilly areas.
Traffic along the 250-km Jammu-Srinagar National Highway was suspended after landslides and shooting stones were reported at Chanderkote, Kela Morh, and Battery Cheshma in Ramban district. Vehicular movement was also halted at Udhampur and Qazigund.
Several other roads, including Padder road in Kishtwar and the Ramnagar-Udhampur and Jangalwar-Thathri routes, were damaged or blocked due to flash floods and landslides.
A bridge over the Sahar Khad river in Kathua was damaged after the river swelled, disrupting traffic on the Jammu-Pathankot Highway, a key arterial route.
Cloudburst in Doda triggers flash floods
Earlier in the day, a massive cloudburst in Doda district of J&K triggered flash floods, bringing normal life to a halt and forcing the closure of the Jammu-Srinagar highway, according to TV reports.
The heavy rainfall also set off landslides at several locations, worsening the situation further.
Rivers cross danger levels
The relentless rainfall has pushed rivers and streams above or close to their danger marks. The Modhopur barrage in Kathua has crossed the one lakh cusec mark, leading to flooding in low-lying areas along the Ravi river.
The Tawi river in Udhampur rose above the 20-foot danger level, while the Chenab river swelled to 899.3 meters, nearing its warning threshold.
Deputy Commissioner Harvinder Singh confirmed that three people have lost their lives due to the rains.
He added that around 15 residential houses, a cow shed, and a private health centre were damaged in the downpour.
Weather department issues advisory
The Meteorological Department (MET) has warned of heavy to very heavy rainfall in parts of Jammu and moderate to heavy showers in South Kashmir until August 27.
The advisory highlighted risks of cloudbursts, flash floods, landslides, mudslides, and shooting stones in hilly terrain, along with waterlogging in low-lying areas.
Authorities have urged residents to remain cautious and avoid rivers, streams, and landslide-prone slopes.
Jammu Divisional Commissioner issues district-wise helpline numbers amid a forecast of moderate to heavy rainfall over the next 40 hours.
District wise helpline numbers
The water levels of the Basantar, Tawi, and Chenab rivers are at alert level. Residents and visitors are advised to stay away from riverbanks and flood-prone areas.
The official handle of the Divisional Commissioner Jammu posted: ""For emergencies, please contact the following numbers:
Jammu: 0191-2571616
Samba: 01923-241004, 01923-246915
Kathua: 01922-238796
Poonch: 01965-220888
Rajouri: 01962-295895
Udhampur: 01992-272727, 01992-272728
Reasi: 9419839557
Ramban: 01998-295500, 01998-266790
Doda: 9596776203
Kishtwar: 9484217492
Earlier on August 17, seven people were killed and 11 injured in a cloudburst in Kathua district, which also caused massive flooding and landslides, damaging infrastructure.
Another cloudburst during the Machail Mata Yatra on August 14 in Kishtwar triggered flash floods, leaving at least 55 people dead.
(With inputs from agencies)
About the Author
TOI News Desk
The TOI News Desk comprises a dedicated and tireless team of journalists who operate around the clock to deliver the most current and comprehensive news and updates to the readers of The Times of India worldwide. With an unwavering commitment to excellence in journalism, our team is at the forefront of gathering, verifying, and presenting breaking news, in-depth analysis, and insightful reports on a wide range of topics. The TOI News Desk is your trusted source for staying informed and connected to the ever-evolving global landscape, ensuring that our readers are equipped with the latest developments that matter most.""
Read More"
https://timesofindia.indiatimes.com/india/did-the-same-with-gandhiji-rahul-gandhi-slams-rss-for-personal-attacks-flags-concern-over-vote-theft/articleshow/123523780.cms,"Weather
Sign In
News
India News
'Did the same with Gandhiji': Rahul Gandhi slams RSS for personal attacks; flags concern over 'vote theft'
'Did the same with Gandhiji': Rahul Gandhi slams RSS for personal attacks; flags concern over 'vote theft'
TOI News Desk
/ TIMESOFINDIA.COM /
Updated: Aug 26, 2025, 17:08 IST
Share
AA
+
Text Size
Small
Medium
Large
Rahul Gandhi accused the RSS of employing personal attacks against opponents, drawing parallels to their treatment of Mahatma Gandhi. During discussions with Mahagathbandhan allies, concerns were raised about alleged electoral malpractice, with accusations leveled against the Election Commission for purportedly favoring the BJP. The Voter Adhikar Yatra, a protest against electoral roll revisions, was praised for its public engagement.
Rahul Gandhi (File photo)
NEW DELHI: Congress leader
Rahul Gandhi
on Tuesday alleged that the
Rashtriya Swayamsevak Sangh
(RSS) relies on personal attacks to target its opponents, claiming the same tactic was used against Mahatma Gandhi.
Gandhi made the remarks during an interaction with Mahagathbandhan allies in Bihar, a video of which he later shared on his X handle.
In a post in Hindi on X, he wrote: ""Travel, vote theft, and Gandhi ji - a political discussion as lively as the hot tea and pakoras with coalition allies.
""
'My Biggest Complaint Against RSS, CPI(M) Is...': Rahul Gandhi Slams 'Politics Of Greed, Anger'
In the clip, he is seen having tea at a roadside eatery on Sunday along with RJD leader
Tejashwi Yadav
, CPI(ML) general secretary Dipankar Bhattacharya, Vikassheel Insaan Party's (VIP) chief Mukesh Sahani, Mahatma Gandhi’s great-grandson
Tushar Gandhi
, Bihar Congress president Akhilesh Kumar and party leader Shakeel Ahmad Khan.
Poll
Do you believe there is evidence of electoral malpractice in recent elections?
Yes, definitely
No, I don't think so
""The RSS method of attacking is (making) personal attacks. They used to do it with Gandhi ji all the time. People don't know, don't remember the amount of abuse and defamation heaped on him (Gandhi) by the RSS. How much they lied about him, this is their style,"" the Leader of Opposition said.
Tushar Gandhi added that earlier political debates despite being strong and heated, avoided personal abuse. ""Now it has been legitimised,"" he said.
Tejashwi Yadav said this trend had intensified after 2014. ""They abused Karpoori Thakur ji and then had to give him a Bharat Ratna,"" Yadav said.
Speaking on alleged “vote chori,” Yadav claimed people used to feel their votes were not reflected in the results, but now evidence has surfaced that points towards electoral malpractice. He accused the
Election Commission
of working in “collusion” with the BJP. He added that Whatever Prime Minister Modi says, the Election Commissioner follows.
VIP chief Sahani also echoed these concerns, stating that many voters who supported the INDIA bloc felt the results were manipulated.
""Now that you (Rahul Gandhi) have brought out the facts, people know that something is wrong and Modi ji is doing some 'hera pheri'. Their (BJP's) voters have also started to believe so,"" the VIP chief said.
He along with other Congress leaders, praised the Voter Adhikar Yatra and the public participation it has drawn.
The Voter Adhikar Yatra was launched on August 17 from Sasaram. It is a 16-day march across Bihar to protest against the Election Commission’s special revision of electoral rolls. Supported by all Mahagathbandhan allies, it will cover over 1,300 km and conclude with a rally in Patna on September 1.
So far, the march has passed through districts including Gaya, Nawada, Sheikhpura, Lakhisarai, Munger, Katihar and Purnea. It will also cover Madhubani, Darbhanga, Sitamarhi, West Champaran, Saran, Bhojpur and Patna.
About the Author
TOI News Desk
The TOI News Desk comprises a dedicated and tireless team of journalists who operate around the clock to deliver the most current and comprehensive news and updates to the readers of The Times of India worldwide. With an unwavering commitment to excellence in journalism, our team is at the forefront of gathering, verifying, and presenting breaking news, in-depth analysis, and insightful reports on a wide range of topics. The TOI News Desk is your trusted source for staying informed and connected to the ever-evolving global landscape, ensuring that our readers are equipped with the latest developments that matter most.""
Read More"
https://timesofindia.indiatimes.com/india/didnt-expect-him-to-call-us-thieves-mamata-banerjee-hits-back-accuses-pm-modi-of-turning-blind-eye-to-corruption-under-double-engine-governments/articleshow/123523457.cms,"Weather
Sign In
News
India News
'Didn't expect him to call us thieves': Mamata Banerjee hits back; accuses PM Modi of turning blind eye to corruption under 'double-engine' governments
'Didn't expect him to call us thieves': Mamata Banerjee hits back; accuses PM Modi of turning blind eye to corruption under 'double-engine' governments
TOI News Desk
/ TIMESOFINDIA.COM /
Updated: Aug 26, 2025, 17:11 IST
Share
AA
+
Text Size
Small
Medium
Large
West Bengal Chief Minister Mamata Banerjee strongly criticized Prime Minister Narendra Modi's remarks labeling her party, TMC, as ""thieves."" Banerjee defended her government's performance, asserting that the state has properly utilized central funds and responded to all queries.
West Bengal chief minister Mamata Banerjee and Prime Minister Narendra Modi
NEW DELHI: West Bengal chief minister
Mamata Banerjee
on Tuesday hit back at Prime Minister
Narendra Modi
over his recent remarks that labelled the TMC as ""thieves,"" and said that he should not disrespect her chair and the state.
Speaking at a government programme in Bardhaman town, organised to distribute social welfare schemes' benefits, Banerjee described Modi's comments as an ""insult"" to the people of West Bengal.
She accused the Centre of withholding central funds, which she alleged has imposed a ""heavy burden"" on the state exchequer.
""The Prime Minister should respect my chair as I respect his. I never expected him to call the people of West Bengal 'thieves',"" the Chief Minister said.
""In truth, he has turned a blind eye to the performances of the so-called 'double-engine' BJP governments of Uttar Pradesh, Maharashtra and Bihar, where corruption is at its highest,"" Banerjee claimed.
Poll
Do you believe PM Modi's comments about TMC being 'thieves' are justified?
Yes, they are justified.
No, they are not justified.
PM Modi had previously, at a public meeting in Kolkata on August 22, stated that ""corruption, crime and the
Trinamool Congress
are synonymous."" He alleged, ""The funds that the Centre sends to the West Bengal govt do not reach the people but are devoured by TMC cadre.""
Alleging that PM Modi travels to West Bengal ""like a migratory bird every time there is an election knocking on doors,"" Banerjee on Tuesday asserted that the state administration has satisfactorily replied to all queries from the Union govt about utilisation of central funds for welfare schemes.
""We have answered all your queries, yet you stop fund disbursement and call West Bengal 'thief'. They had sent 186 central teams to West Bengal to probe corruption charges and found nothing. How can a student accept getting zero marks after answering all questions? We will not tolerate this insult,"" she added.
About the Author
TOI News Desk
The TOI News Desk comprises a dedicated and tireless team of journalists who operate around the clock to deliver the most current and comprehensive news and updates to the readers of The Times of India worldwide. With an unwavering commitment to excellence in journalism, our team is at the forefront of gathering, verifying, and presenting breaking news, in-depth analysis, and insightful reports on a wide range of topics. The TOI News Desk is your trusted source for staying informed and connected to the ever-evolving global landscape, ensuring that our readers are equipped with the latest developments that matter most.""
Read More"
https://timesofindia.indiatimes.com/india/rain-fury-in-jk-roads-washed-away-flood-alerts-sounded-8-scary-videos-that-show-devastation/articleshow/123523632.cms,"Weather
Sign In
News
India News
Rain fury in J&K: Roads washed away, flood alerts sounded - 10 scary videos that show devastation
Rain fury in J&K: Roads washed away, flood alerts sounded - 10 scary videos that show devastation
TOI News Desk
/ TIMESOFINDIA.COM /
Updated: Aug 26, 2025, 19:44 IST
Share
AA
+
Text Size
Small
Medium
Large
Heavy rainfall in Jammu and Kashmir has triggered flash floods, cloudbursts, and landslides, resulting in three deaths and widespread damage. Rising river levels prompted alerts and evacuations, while landslides disrupted road connectivity. The meteorological department forecasts continued rainfall, warning of further potential disasters across the region.
NEW DELHI: Ten people have been killed and widespread damage reported after heavy rainfall triggered flash floods, cloudbursts and landslides across Jammu and Kashmir.
Incessant rain over the past three days has left rivers swollen, roads washed away, and residents scrambling to relocate to safer areas.
Authorities have sounded flood alerts and urged the public to stay away from water bodies as rescue teams work round the clock.
Officials confirmed that a cloudburst in Charu Nallah, Bhalessa in Doda district caused flash floods which submerged residential areas. Deputy commissioner Harvinder Singh said, “It has been raining continuously for three days. Reports of cloudbursts have come from two places. NH 244 has also been washed away in a cloudburst.
Three lives have been lost so far. Two of them are in Gandhor and one in the Thathri subdivision.
Fifteen residential houses have been damaged, and cow sheds have also been damaged. A private health centre has been damaged. Three footbridges have been washed away.”
Rising water levels force alerts and evacuations
The water level of the Chenab river reached 899.3 metres on Tuesday, close to its highest flood level of 900 feet, sparking fears of a breach. Singh added, “The way it is raining, we are expecting that the HFL will be breached.
We have limited the movement of people near the Chenab River and on the roads adjacent to it. People have been shifted to safe locations.”
In Kathua, the Ravi river overflowed after all gates of the Ranjit Sagar Dam were opened to ease pressure. District Commissioner Rajesh Sharma explained, “We received the message from the Punjab Government to open the gates day before yesterday. Since the water has risen, we have alerted everyone.
We are prepared for any alarming situation. The family trapped in the Ravi was repeatedly told by our revenue staff to relocate over the past two days.
We had to send an enforcement team later to rescue them. I would advise everyone to stay away from water bodies and unsafe houses.”
Jammu DIG Shiv Kumar Sharma also sounded an alert, saying, “The Administration has appealed to the public to avoid going near rivers and nallahs.
The traffic is operating on the highway. We are taking all measures to ensure the safety of the people.”
Landslides cut off key roads, rescue efforts underway
Landslides and flash floods have caused major disruptions to road connectivity. Traffic on the Jammu-Srinagar national highway was suspended after stone shooting was reported at Chanderkote, Kela Morh and Battery Cheshma in Ramban district. Officials said it was raining heavily all along the 250-km route, forcing suspension of movement at Udhampur and Qazigund.
The Padder road in Kishtwar, the Ramnagar-Udhampur road in Udhampur, and the Jangalwar-Thathri road in Doda have also been closed after being washed away or blocked by landslides. Reports indicate damage to over a dozen houses, cowsheds, and key infrastructure in the higher reaches of Kishtwar, Doda and Rajouri districts.
Meanwhile, rivers across the region – including the Tawi, Ujh, Basanter and Sahar Khad – are flowing above or near danger levels.
In Udhampur, the Tawi has already crossed the 20-foot danger mark, while the Basanter River in Samba surged past 4.5 feet earlier in the day.
Union minister Kiren Rijiju, who was travelling in Ladakh, reported an incident where a vehicle fell into a river near Drass. “Before reaching Drass in Ladakh, one vehicle fell into the river just ahead of our convoy. Luckily, we were on time and both persons survived,” he wrote on X.
The meteorological department has forecast further moderate to heavy rainfall across Jammu, Samba, Kathua, Reasi, Udhampur, Rajouri, Ramban, Doda and Kishtwar districts till 27 August, warning of more flash floods, cloudbursts and landslides. Kathua recorded the highest rainfall in the past 24 hours at 155.6 mm, followed by Bhaderwah at 99.8 mm, Jammu at 81.5 mm and Katra at 68.8 mm.
About the Author
TOI News Desk
The TOI News Desk comprises a dedicated and tireless team of journalists who operate around the clock to deliver the most current and comprehensive news and updates to the readers of The Times of India worldwide. With an unwavering commitment to excellence in journalism, our team is at the forefront of gathering, verifying, and presenting breaking news, in-depth analysis, and insightful reports on a wide range of topics. The TOI News Desk is your trusted source for staying informed and connected to the ever-evolving global landscape, ensuring that our readers are equipped with the latest developments that matter most.""
Read More"
https://timesofindia.indiatimes.com/india/maritime-milestone-indian-navy-commissions-twin-stealth-frigates-ins-udaygiri-and-himgiri-why-is-it-important/articleshow/123522962.cms,"Weather
Sign In
News
India News
Maritime milestone: Indian Navy commissions INS Udaygiri and Himgiri; twin induction for first time
Maritime milestone: Indian Navy commissions INS Udaygiri and Himgiri; twin induction for first time
TOI News Desk
/ TIMESOFINDIA.COM /
Updated: Aug 26, 2025, 16:52 IST
Share
AA
+
Text Size
Small
Medium
Large
In a historic first, India's Navy commissioned two stealth frigates, INS Udaygiri and INS Himgiri, built at separate shipyards, enhancing maritime capabilities. These Project 17A class warships, featuring advanced technology and significant indigenous content, signify a major boost to India's self-reliance in defence and commitment to maritime security in the Indian Ocean Region. The frigates will join the Eastern Fleet.
NEW DELHI: In a historic moment,
Indian Navy
commissioned two cutting-edge stealth frigates, INS Udaygiri and INS Himgiri, on Tuesday at the naval base in Visakhapatnam.
The ceremony was presided over by defence minister Rajnath Singh, marking the first time that two frontline warships constructed at different shipyards have entered service together.
Twin induction a first in Navy’s history
The commissioning of Udaygiri and Himgiri is a major boost to the Navy’s combat capability. Both are part of the advanced Project 17A class, the follow-on to the Shivalik class frigates, and are designed for multi-mission roles in Blue Water operations. They bring enhanced stealth features, improved weapons and sensors, and modern propulsion systems.
Poll
What aspect of the new frigates do you find most impressive?
Enhanced Stealth Features
Indigenous Design and Construction
What makes this event historic is the fact that the ships were constructed at two different shipyards: Udaygiri by Mazagon Dock Shipbuilders Limited (MDL) in Mumbai, and Himgiri by Garden Reach Shipbuilders and Engineers (GRSE) in Kolkata.
This synergy between major defence shipyards highlights India’s growing shipbuilding capabilities.
Adding to the milestone, Udaygiri is the 100th ship designed by the Indian Navy’s Warship Design Bureau (WDB). Both ships were developed in-house, showcasing decades of experience in indigenous warship design.
Legacy names, modern capabilities
Continuing the Navy’s tradition of reviving names of distinguished predecessors, the new frigates are named after INS Udaygiri (F35) and INS Himgiri (F34), which served the nation for over three decades before being decommissioned.
“The commissioning of the new Udaygiri and Himgiri honours the legacy of their forebearers while ushering in a new era of capability,” a senior naval official said.
The frigates feature Combined Diesel or Gas (CODOG) propulsion systems, an Integrated Platform Management System, and an array of advanced weapons and sensors, most of which have been developed by Indian manufacturers. With about 75 per cent indigenous content, these warships are a major step forward in the Government’s
Aatmanirbhar Bharat
vision.
Hundreds of domestic MSMEs have contributed to their construction, which has about 75 per cent indigenous content.
Udaygiri also stands out as the fastest ship in her class to be delivered post-launch, thanks to modular construction techniques adopted by Indian shipyards.
Strengthening maritime dominance
Once operational, Udaygiri and Himgiri will join the Eastern Fleet, strengthening India’s maritime security in the Indian Ocean Region.
The follow-on ships of the Project 17 (Shivalik) class frigates incorporate significant improvements in design, stealth, weapons and sensor systems. Capable of handling a wide range of missions, from surface combat and anti-submarine warfare to electronic operations and surveillance, they are seen as crucial for protecting India’s sea lanes and maritime interests, according to defence officials.
About the Author
TOI News Desk
The TOI News Desk comprises a dedicated and tireless team of journalists who operate around the clock to deliver the most current and comprehensive news and updates to the readers of The Times of India worldwide. With an unwavering commitment to excellence in journalism, our team is at the forefront of gathering, verifying, and presenting breaking news, in-depth analysis, and insightful reports on a wide range of topics. The TOI News Desk is your trusted source for staying informed and connected to the ever-evolving global landscape, ensuring that our readers are equipped with the latest developments that matter most.""
Read More"
https://timesofindia.indiatimes.com/india/uttarakhand-cm-dhami-directs-for-strict-action-against-drug-peddlers/articleshow/123523266.cms,"Weather
Sign In
News
India News
Uttarakhand: CM Dhami directs for strict action against drug peddlers
Uttarakhand: CM Dhami directs for strict action against drug peddlers
ANI /
Updated: Aug 26, 2025, 17:18 IST
Share
AA
+
Text Size
Small
Medium
Large
Sharing an X post, CM Dhami wrote, ""In the morning, a meeting was held with the police and senior officials at the official residence to realise the resolve of 'Drug Free Uttarakhand'.""
Uttarakhand: CM Dhami directs for strict action against drug peddlers
Uttarakhand chief minister Pushkar Singh Dhami held a meeting with police and senior officials at his official residence on Tuesday morning and directed the Anti-Narcotic Task Force to take strict action against drug peddlers.
Sharing an X post, CM Dhami wrote, ""In the morning, a meeting was held with the police and senior officials at the official residence to realise the resolve of 'Drug Free Uttarakhand'.""
""During this, instructions were given to ensure the strictest action against drug peddlers and mafias across the state, along with strengthening the Anti-Narcotic Task Force further, increasing the number of night checks throughout the state, and ensuring special vigilance and strict checks in border areas,"" the X post added.
The Chief Minister directed the officials to promote the drug-free helpline number '1933'.
Poll
Do you support the initiative for a 'Drug Free Uttarakhand'?
Yes, absolutely!
No, I don't think it's effective.
He wrote, ""In the meeting, officials were also directed to widely publicise and promote the '1933' drug-free helpline number so that more and more people can connect with this initiative and register complaints promptly. Instructions were given to make extensive public awareness and drug awareness programmes in the state even more robust and effective.""
The health, education, police, social welfare, and youth welfare departments were also instructed to organise joint workshops.
""Along with this, officials were instructed to organise joint workshops of all related departments--health, education, police, social welfare, and youth welfare--to make the state drug-free. Officials were also directed to increase the number of de-addiction centres and equip them with modern facilities,"" the X post read.
Meanwhile, the Pushkar Singh Dhami-led government is running the Operation Kalanemi aimed at tightening the noose on those anti-social elements who were hiding their identity and committing fraud and playing with religious sentiments.
The police and administration have so far verified more than 4,000 people in the state, out of which more than 300 people have been arrested, the statement by CMO said.
The campaign has been most effective in districts where outside elements had been active. Haridwar has seen 2,300 verifications and 162 arrests, Dehradun 865 verifications and 113 arrests, and Udham Singh Nagar 167 verifications with 17 arrests."
https://timesofindia.indiatimes.com/india/we-were-on-time-kiren-rijiju-halts-convoy-to-help-accident-victims-in-ladakh-watch-video/articleshow/123523108.cms,"Weather
Sign In
News
India News
'We were on time': Kiren Rijiju halts convoy to help accident victims in Ladakh; watch video
'We were on time': Kiren Rijiju halts convoy to help accident victims in Ladakh; watch video
TOI News Desk
/ TIMESOFINDIA.COM /
Aug 26, 2025, 15:22 IST
Share
AA
+
Text Size
Small
Medium
Large
Parliamentary Affairs Minister Kiren Rijiju halted his convoy on the Srinagar-Leh highway upon witnessing a vehicle plunge into the Drass river in Ladakh. Rijiju shared a video showing him speaking to the injured victims.
NEW DELHI: Parliamentary affairs minister
Kiren Rijiju
on Tuesday stopped his convoy on the Srinagar-Leh highway after he spotted a vehicle that had plunged into the Drass river in Ladakh.
The minister, who was travelling to Kargil from Kashmir, shared a video showing him speaking to the injured victims, who had managed to climb atop the overturned vehicle amid the strong currents.
""Before reaching Drass in Ladakh, one vehicle fell into the river just ahead of our convoy. Luckily, we were on time and both persons survived,"" Rijiju posted on X, sharing a video of his interaction.
Officials said the Camper 207 vehicle skidded off the road at Khushal Morh near Minimarg and rolled into the river.
Both occupants, driver Haroon Rashid of Banihal and co-driver Mohd Abbass of Ramban, were quickly rescued by police personnel from Drass station.
A police official said that personnel from Drass police station responded swiftly to the alert and launched a rescue operation.
Showing remarkable courage and efficiency, the team managed to pull out both victims from the submerged vehicle and evacuate them to safety, the official said, according to PTI.
The injured were later shifted to the sub-district hospital in Drass for treatment, the official added.
About the Author
TOI News Desk
The TOI News Desk comprises a dedicated and tireless team of journalists who operate around the clock to deliver the most current and comprehensive news and updates to the readers of The Times of India worldwide. With an unwavering commitment to excellence in journalism, our team is at the forefront of gathering, verifying, and presenting breaking news, in-depth analysis, and insightful reports on a wide range of topics. The TOI News Desk is your trusted source for staying informed and connected to the ever-evolving global landscape, ensuring that our readers are equipped with the latest developments that matter most.""
Read More"
https://timesofindia.indiatimes.com/india/consolidate-our-friendship-pm-modis-japan-visit-to-reaffirm-indo-pacific-peace-says-mea-to-hold-bilateral-meetings-at-sco-summit-in-china/articleshow/123522324.cms,"Weather
Sign In
News
India News
'Consolidate our friendship': PM Modi’s Japan visit to reaffirm Indo-Pacific peace, says MEA; to hold bilateral meetings at SCO summit in China
'Consolidate our friendship': PM Modi’s Japan visit to reaffirm Indo-Pacific peace, says MEA; to hold bilateral meetings at SCO summit in China
TOI News Desk
/ TIMESOFINDIA.COM /
Updated: Aug 26, 2025, 17:12 IST
Share
AA
+
Text Size
Small
Medium
Large
Foreign secretary Vikram Misri (ANI)
NEW DELHI: Prime Minister
Narendra Modi
’s two-day visit to Japan beginning Friday will reaffirm the two nations' commitment to peace, prosperity and stability in the Indo-Pacific and beyond, foreign secretary Vikram Misri said on Tuesday.
""It will consolidate our friendship and open fresh avenues for cooperation,"" he added.
Highlighting the importance of the visit, Misri said India and Japan share “trust” and a “strategic outlook,” making the prime minister’s upcoming trip significant.
During the first leg of his tour from August 29-30, Modi will attend the 15th India-Japan Annual Summit. This will be his eighth visit to Japan and his first summit with Prime Minister Ishiba.
The two leaders are expected to review the Special Strategic and Global Partnership, with discussions covering defence and security, trade and economy, technology and innovation, and people-to-people exchanges. They will also take up regional and global issues, reaffirming the longstanding friendship between the two countries.
Modi to join SCO Summit in Tianjin, China
From Japan, the prime minister will travel to the Chinese city of Tianjin from August 31 to September 1 to attend the annual summit of the Shanghai Cooperation Organisation (SCO) at the invitation of President Xi Jinping.
Secretary (West) in the Ministry of External Affairs Tanmaya Lal said Modi is expected to hold bilateral meetings on the sidelines of the summit.
China has described this year’s gathering as the largest in the bloc’s history, with 20 world leaders, including Modi, expected to participate. India, which became a member of the SCO in 2017, held the presidency of the Council of Heads of State during 2022-23.
Earlier this week, Chinese foreign minister Wang Yi formally conveyed the invitation for the summit to Modi on behalf of president Xi, which the prime minister accepted, underscoring the importance of the meeting for regional cooperation and dialogue.
About the Author
TOI News Desk
The TOI News Desk comprises a dedicated and tireless team of journalists who operate around the clock to deliver the most current and comprehensive news and updates to the readers of The Times of India worldwide. With an unwavering commitment to excellence in journalism, our team is at the forefront of gathering, verifying, and presenting breaking news, in-depth analysis, and insightful reports on a wide range of topics. The TOI News Desk is your trusted source for staying informed and connected to the ever-evolving global landscape, ensuring that our readers are equipped with the latest developments that matter most.""
Read More"
https://timesofindia.indiatimes.com/india/noida-dowry-murder-case-father-of-nikki-bhati-makes-shocking-claim-didnt-even-let-her-put-up-a-signboard/articleshow/123522194.cms,"Weather
Sign In
News
India News
Noida dowry murder case: Father of Nikki Bhati makes shocking claim - 'didn't even let her put up a signboard'
Noida dowry murder case: Father of Nikki Bhati makes shocking claim - 'didn't even let her put up a signboard'
TOI News Desk
/ TIMESOFINDIA.COM /
Updated: Aug 26, 2025, 15:47 IST
Share
AA
+
Text Size
Small
Medium
Large
Nikki Bhati's father is demanding the demolition of her in-laws' house after she was allegedly murdered for dowry in Greater Noida. He accuses the family of relentless harassment and obstructing her business aspirations, alleging his daughter was set ablaze after dowry demands went unmet. Police have arrested the husband and in-laws, while the NCW condemns the killing.
NEW DELHI: The father of Nikki Bhati, who died after allegedly being set ablaze by her husband and in-laws in Greater Noida, has demanded that the house where she was killed be demolished.
Bhikhari Singh Payla the accused family of relentlessly harassing his daughter for dowry and even obstructing her efforts to run a beauty parlour. He said he had given her Rs 1.5 lakh to set it up but the in-laws “did not even let her put up a signboard”.
“We are satisfied with the administration. They have worked well for us. We should similarly get justice in the Court. Mahesh Sharma (BJP MP) had come to visit us today. He assured us that we would get justice.
I request CM Yogi Adityanath for a bulldozer action on their (accused family) house. I lost my daughter. She won’t come back, but such monsters should be destroyed,” he told ANI.
Payla alleged that Nikki’s in-laws subjected her to repeated abuse and dowry demands. “Her mother-in-law poured kerosene while her husband set her on fire. They kept asking for dowry; now their demands have been met. I just married my daughter as per tradition.
Their dowry demands have been met now that my daughter has died. They demanded a car and tortured my daughter for that,” he said.
Poll
Which measure do you think is more effective in preventing dowry harassment?
Strict legal action against offenders
Awareness and education campaigns
The Uttar Pradesh police have arrested all four accused named in the case. Nikki’s husband, Vipin Bhati, who is accused of setting her on fire after years of abuse, was shot in the leg by police during an attempted escape and is now in judicial custody. His mother Daya, father Satveer and brother Rohit have also been detained.
The national commission for women (NCW) condemned the killing, calling it a “grave concern”. Chairperson Vijaya Rahatkar said, “Daughters are not our property that we would do whatever we feel like with them… Those malpractices have taken up a new form now; this is a matter of grave concern.” She confirmed that the NCW has spoken to the police and Nikki’s grieving family.
Nikki was married into the Bhati family in 2016 and her relatives alleged she faced years of escalating demands, from vehicles and gold to Rs 36 lakh in cash. Disturbing footage recorded before her death showed her being dragged by her hair and later engulfed in flames. She succumbed to her injuries while being taken to a Delhi hospital.
About the Author
TOI News Desk
The TOI News Desk comprises a dedicated and tireless team of journalists who operate around the clock to deliver the most current and comprehensive news and updates to the readers of The Times of India worldwide. With an unwavering commitment to excellence in journalism, our team is at the forefront of gathering, verifying, and presenting breaking news, in-depth analysis, and insightful reports on a wide range of topics. The TOI News Desk is your trusted source for staying informed and connected to the ever-evolving global landscape, ensuring that our readers are equipped with the latest developments that matter most.""
Read More"
https://timesofindia.indiatimes.com/india/obstacles-to-free-trade-german-envoy-backs-india-on-trump-tariffs-calls-for-slashing-duties-to-minimum/articleshow/123521341.cms,"Weather
Sign In
News
India News
'Obstacles to free trade': German deputy envoy backs India on Trump tariffs; calls for slashing duties to minimum
'Obstacles to free trade': German deputy envoy backs India on Trump tariffs; calls for slashing duties to minimum
TOI News Desk
/ TIMESOFINDIA.COM /
Updated: Aug 26, 2025, 17:33 IST
Share
AA
+
Text Size
Small
Medium
Large
German envoy Georg Enzweiler criticized the US imposition of tariffs on various countries, deeming them ""obstacles to free trade."" He advocated for minimizing tariffs to promote open commerce.
NEW DELHI: Germany's deputy envoy Georg Enzweiler on Tuesday termed US imposition of tariffs on different countries as an ""obstacles to free trade.""
While talking to the media, the deputy head of mission, German Embassy in India said that the countries should always be in favour of reducing tariffs to the minimum level.
""Tariffs are obstacles to free trade,"" Enzeiler said.
""We would always be in favour of reducing tariffs to the minimum level,"" he added.
This comes after US notified India over the implementation of additional tariffs set to take effect from August 27.
Poll
Do you agree that tariffs are obstacles to free trade?
Yes
No
Issued by the department of homeland security, the notice said that the tariffs were imposed in response to ""threats to the United States by the government of Russian Federation,"" with India being targeted for new duties as part of the policy.
""The duties set out in the Annex to this document are effective with respect to products of India that are entered for consumption, or withdrawn from warehouse for consumption, on or after 12.01am eastern daylight time on August 27, 2025,"" the notice read.
""To address that unusual and extraordinary threat to the national security and foreign policy of the United States, Executive Order 14066 prohibited, among other things, the importation into the United States of certain products of Russian Federation origin, including crude oil; petroleum; and petroleum fuels, oils, and products of their distillation,"" it added.
The notice also listed a broad range of Indian products listed in the annex. It said that tariffs will apply to any goods that arrive for use or are taken out of warehouses after the deadline.
About the Author
TOI News Desk
The TOI News Desk comprises a dedicated and tireless team of journalists who operate around the clock to deliver the most current and comprehensive news and updates to the readers of The Times of India worldwide. With an unwavering commitment to excellence in journalism, our team is at the forefront of gathering, verifying, and presenting breaking news, in-depth analysis, and insightful reports on a wide range of topics. The TOI News Desk is your trusted source for staying informed and connected to the ever-evolving global landscape, ensuring that our readers are equipped with the latest developments that matter most.""
Read More"
https://timesofindia.indiatimes.com/india/aap-most-vocal-voice-against-modi-government-hence-targeted-arvind-kejriwal-after-ed-raids-saurabh-bharadwaj/articleshow/123519047.cms,"Weather
Sign In
News
India News
AAP most vocal voice against Modi government, hence targeted: Arvind Kejriwal after ED raids Saurabh Bharadwaj
AAP most vocal voice against Modi government, hence targeted: Arvind Kejriwal after ED raids Saurabh Bharadwaj
ANI /
Updated: Aug 26, 2025, 12:19 IST
Share
AA
+
Text Size
Small
Medium
Large
He said that ED's raid on Saurabh Bharadwaj's residence is another case of the Union Government ""misusing"" the agencies and no such party has targeted AAP like BJP in the past.
Former Delhi chief minister Arvind Kejriwal (ANI)
NEW DELHI: Former
Delhi chief minister
Arvind Kejriwal
on Tuesday slammed the Union government following raids on
Aam Aadmi Party
leader Saurabh Bharadwaj's residence, stating that actions are being taken because the AAP is the ""most vocal voice"" against the Centre.
He said that ED's raid on Saurabh Bharadwaj's residence is another case of the Union Government ""misusing"" the agencies and no such party has targeted AAP like
BJP
in the past.
""The ED raid at
Saurabh Bhardwaj
's house is another case of the Modi government misusing agencies. The Modi government has gone after the Aam Aadmi Party. The way ""AAP"" is being targeted has never been done to any party in history. ""AAP"" is being targeted because it is the most vocal voice against the Modi government's wrong policies and corrupt deeds.
The Modi government wants to suppress our voice. This will never happen,"" Kejriwal wrote on X.
The former Delhi CM mentioned that AAP will not be ""scared"" by such actions and will continue to raise the voice of people in country's interest.
""AAP is not one to be scared of these BJP raids. We will continue to raise our voice against wrong policies and corruption in the interest of the country, as always,"" he said.
""The only reason behind the ED raid at Saurabh Bharadwaj's house is that yesterday a big revelation was made about the Prime Minister's degree.
It came to the fore in the country that the Prime Minister's degree is fake. It came to the fore in the country that the Prime Minister lied about the degree... So to divert attention from the issue of the Prime Minister's degree, ED is raiding Saurabh Bharadwaj's house. Even a child will laugh on hearing that the case in which Saurabh Bharadwaj's house is being raided is being told to be a case before he became a minister,"" he said.
AAP National Media in-charge, Anurag Dhanda asked regarding the ""fake raids"" being conducted on Saurabh Bharadwaj's residence. He stated that on Monday, Union home minister
Amit Shah
raised, whose discussion went on throughout the day. Dhanda said that a raid is being carried out in such a case when Bharadwaj was not even a minister.
""Why is this fake raid being done by ED on Saurabh Bharadwaj? This is happening because since yesterday, the whole country has been discussing that PM Modi's degree is fake, and something has to be done to divert attention from that issue.
Yesterday, Amit Shah raised an issue, and the discussion went on the whole day. Today, this raid is being done in such a case when he was not a minister. When he was not a minister, how could his name come up in the scam, or how could he be accused because of it? The same thing happened with Satyendar Jain.
The case was run for three years, a fake case was made, and after three years, CBI went to the court and said that we do not have any evidence,"" Dhanda told ANI.
The
enforcement directorate
(ED) today carried out searches at the residence of Aam Aadmi Party (AAP) leader and former Delhi health minister Saurabh Bhardwaj in connection with a money laundering probe linked to alleged irregularities in hospital construction projects in the national capital.
The raids began early morning at 13 locations, including Bhardwaj's residence, across the Delhi-NCR region, based on a certain tip-off in connection with the case.
The search operations are being carried out under Section 17 of the Prevention of Money Laundering Act, 2002 (PMLA).
These searches are in ""connection with the enforcement case information report (ECIR) recorded in the Delhi hospital construction scam, relating to first information report (No. 37/2025) dated June 26, 2025, registered by the anti-corruption branch (ACB), Delhi Police, against former health ministers of GNCT of Delhi, along with private contractors and unknown government officials.
Officials, privy to the development, told that the operations are based on ""material collected during the course of investigation and allegations contained in the FIR regarding large-scale corruption, unjustified cost escalations, unauthorised constructions, and misappropriation of funds in health infrastructure projects of GNCTD."""
https://timesofindia.indiatimes.com/india/ed-raids-aap-leader-saurabh-bharadwaj-what-is-delhi-hospital-construction-scam-all-you-need-to-know/articleshow/123518581.cms,"Weather
Sign In
News
India News
ED raids AAP leader Saurabh Bharadwaj: What is Delhi hospital construction 'scam'? All you need to know
ED raids AAP leader Saurabh Bharadwaj: What is Delhi hospital construction 'scam'? All you need to know
TOI News Desk
/ TIMESOFINDIA.COM /
Updated: Aug 26, 2025, 12:34 IST
Share
AA
+
Text Size
Small
Medium
Large
NEW DELHI: The Enforcement Directorate on Tuesday conducted searches at the residence of Aam Aadmi Party leader and former Delhi minister Saurabh Bharadwaj in connection to the alleged hospital construction scam.
According to officials, the searches were conducted across 13 locations after an enforcement case information report was filed against the former health minister along with private contractors and unknown government officials.
Reacting to ED's action against Bharadwaj, former chief minister Atishi said that the raids were conducted to ""divert attention"" from the discussion of Prime Minister Narendra Modi's ""fake degree.""
""Why was there a raid at Saurabh ji's place today? Because questions are being raised across the country about Modi ji's degree — is Modi ji's degree fake? The raid was conducted to divert attention from this discussion,"" Atishi wrote on X.
Poll
Do you trust the findings of the Enforcement Directorate in this case?
Yes, they are reliable
No, they are biased
""The case being cited pertains to a time when Saurabh ji wasn’t even a minister. This means the entire case is baseless. Satyendra ji was also kept in jail for three years, and ultimately, the CBI/ED had to submit a closure report.
This clearly shows that all the cases against Aam Aadmi Party leaders are nothing but lies and politically motivated,"" she added.
What is hospital construction 'scam'
The Anti-Corruption Branch of Delhi Police had registered a case against Bharadwaj and Satyendar Jain, besides some govt officials and private contractors, alleging large-scale corruption in Delhi govt's health infrastructure projects.
The investigation is claimed to have revealed massive irregularities, unexplained delays and significant misappropriation of funds in the construction of various hospitals, polyclinics and ICU infrastructure across the city.
The FIR filed by the agency reveals systematic manipulation of project budgets, misuse of public funds and collusion with private contractors.
The probe began last year after a complaint was filed by Vijender Gupta, the then leader of opposition, on Aug 22, 2024, alleging irregularities and suspected corruption in various health infrastructure projects. According to ACB, 24 hospital projects worth Rs 5,590 crore were sanctioned in 2018-19, but these were plagued by inexplicable delays and astronomical cost overruns, indicating massive financial embezzlement.
""Similarly, the Rs 1,125 crore ICU Hospital Project, covering seven pre-engineered facilities with a total of 6,800 beds, remains only 50% complete after nearly three years and expenditure of Rs 800 crore, despite an initial six-month completion timeline,"" ACB said.
The FIR filed by the agency reveals systematic manipulation of project budgets, misuse of public funds and collusion with private contractors.
The probe claimed to have revealed unauthorised additional construction at govt hospitals in Jwalapuri — by M/s Parnika Commercial & Estate Pvt Ltd — and Madipur — by M/s Ramacivil India Construction Pvt Ltd — carried out without approval from competent authorities. Notably, the Madipur hospital project was to be completed by Nov 2022, but remains abandoned and far from completion, states the FIR.
About the Author
TOI News Desk
The TOI News Desk comprises a dedicated and tireless team of journalists who operate around the clock to deliver the most current and comprehensive news and updates to the readers of The Times of India worldwide. With an unwavering commitment to excellence in journalism, our team is at the forefront of gathering, verifying, and presenting breaking news, in-depth analysis, and insightful reports on a wide range of topics. The TOI News Desk is your trusted source for staying informed and connected to the ever-evolving global landscape, ensuring that our readers are equipped with the latest developments that matter most.""
Read More"
https://timesofindia.indiatimes.com/india/we-count-on-indias-contribution-zelenskyy-thanks-pm-modi-for-independence-day-greetings-seeks-new-delhis-role-in-peace-efforts-in-ukraine-war/articleshow/123517201.cms,"Weather
Sign In
News
India News
‘We count on India's contribution’: Zelenskyy thanks PM Modi for Independence Day greetings; seeks New Delhi’s role in peace efforts in Ukraine war
‘We count on India's contribution’: Zelenskyy thanks PM Modi for Independence Day greetings; seeks New Delhi’s role in peace efforts in Ukraine war
TOI World Desk
/ TIMESOFINDIA.COM /
Updated: Aug 26, 2025, 10:50 IST
Share
AA
+
Text Size
Small
Medium
Large
President Zelenskyy thanked Prime Minister Modi for his Independence Day wishes, expressing hope for India's role in ending the conflict through diplomacy. PM Modi reiterated India's commitment to peace and offered support for a peaceful resolution through dialogue. Both leaders emphasized strengthening bilateral ties, with Zelenskyy invited to visit India.
File photo: Ukrainian President Volodymyr Zelenskyy with Prime Minister Narendra Modi
Ukrainian President Volodymyr Zelenskyy on Tuesday thanked
Prime Minister Narendra Modi
for his warm wishes on Ukraine’s Independence Day and underlined Kyiv’s hope for India’s role in ending the ongoing conflict.
“Thank you, Prime Minister @narendramodi, for the warm greetings on Ukraine's Independence Day. We appreciate India's dedication to peace and dialogue,” Zelenskyy said in a post on X.
He added, “Now, as the entire world strives to end this horrible war with dignity and lasting peace, we count on India's contribution. Every decision that strengthens diplomacy leads to better security not only in Europe, but also in the Indo-Pacific and beyond.”
Poll
Do you think President Zelenskyy's outreach to India will positively impact Ukraine's situation?
Yes, it will help
No, it won't make a difference
Alongside his message, Zelenskyy also shared Prime Minister Modi’s letter addressed to him. In the letter, PM Modi had extended greetings to the people of Ukraine and recalled his visit to Kyiv last year.
“I also take this opportunity to extend my greetings to you and the people of Ukraine on the occasion of your Independence Day. I warmly recall my visit to Kyiv in August last year, and note the progress in the India-Ukraine bilateral relations since then.
I look forward to working with you to further strengthen our mutually beneficial cooperation,” PM Modi wrote.
Reiterating India’s consistent stand, the Prime Minister said, “India has always stood on the side of peace. India remains committed to extending all possible support for sincere efforts seeking an early, abiding and peaceful resolution of the conflict through dialogue and diplomacy.” He also conveyed his wishes for Zelenskyy’s health and well-being.
The exchange of greetings comes amid New Delhi’s growing diplomatic engagement with Kyiv.
Ukrainian Ambassador Oleksandr Polishchuk recently confirmed that PM Modi has invited President Zelenskyy to visit India, with both sides working on finalising dates. The envoy praised India’s position, saying New Delhi is “not neutral” but firmly supports peace and dialogue.
The outreach follows earlier exchanges on India’s Independence Day, when Zelenskyy expressed hope that India would contribute to global peace efforts and highlighted opportunities for bilateral cooperation in trade, technology and culture.
Both leaders, through their messages, placed emphasis on dialogue, diplomacy, and strengthening bilateral ties while reaffirming the importance of a peaceful resolution to the war.
About the Author
TOI World Desk
At TOI World Desk, our dedicated team of seasoned journalists and passionate writers tirelessly sifts through the vast tapestry of global events to bring you the latest news and diverse perspectives round the clock. With an unwavering commitment to accuracy, depth, and timeliness, we strive to keep you informed about the ever-evolving world, delivering a nuanced understanding of international affairs to our readers. Join us on a journey across continents as we unravel the stories that shape our interconnected world.
Read More"
https://timesofindia.indiatimes.com/india/we-are-a-peace-loving-nation-but-cannot-be-pacifists-cds-anil-chauhan-strong-message-highlights-future-war-trends/articleshow/123516753.cms,"Weather
Sign In
News
India News
'We are a peace-loving nation, but cannot be pacifists': CDS Anil Chauhan's strong message; highlights future war trends
'We are a peace-loving nation, but cannot be pacifists': CDS Anil Chauhan's strong message; highlights future war trends
TOI News Desk
/ TIMESOFINDIA.COM /
Updated: Aug 26, 2025, 11:52 IST
Share
AA
+
Text Size
Small
Medium
Large
General Anil Chauhan emphasized India's commitment to peace while asserting the necessity of military preparedness, stating that peace without power is unattainable. He highlighted the blurring lines between war and peace, the importance of population resilience, and the evolving metrics of victory in modern conflicts.
NEW DELHI: Chief of defence staff General Anil Chauhan on Tuesday delivered a strong message on India’s approach to peace, power and preparedness. The CDS said that though ""India is a peace-loving nation, it cannot be a pacifist"".
“India has always stood on the side of peace. We are a peace-loving nation, but don’t get mistaken, we cannot be pacifists. I think peace without power is utopian. I like to state a Latin quote which translates, ‘if you want peace, prepare for war’,” he said, while speaking at the inaugural Tri-Services Seminar ‘Ran Samwad-2025’ at the Army War College in Mhow.
Calling Operation Sindoor a modern conflict, Chauhan said that the operation is still ongoing, ""Operation Sindoor was a modern conflict from which we learned a number of lessons, and most of them are under implementation, some have been implemented.
The operation is still on,"" he said.
Poll
Do you support the idea of India being 'atmanirbhar' in defence and strategy?
Yes, definitely
Not really
Outlining what he called four essential trends shaping contemporary conflict, Chauhan first warned of an increased propensity among nations to use force, driven by the belief that short-duration conflicts can achieve political aims.
""First, there is an increased propensity amongst nations and governments to use force, and this is happening because political objectives today can be achieved by short-duration conflicts,"" the CDS said as quoted by ANI.
Second, he argued that the traditional distinction between war and peace has blurred.
“The second trend which I see is a lack of distinction between war and peace, this particular era, which we knew in the past of declared wars, I think that's all over. Contemporary warfare today is a kind of continuum of five C's- competition, crisis, confrontation, conflict and combat, between wars,” he explained.
Third, he emphasised the role of people, recalling that past wars often saw soldiers and civilians sacrificed in pursuit of territory or ideology, whereas future wars would hinge on the population’s resilience and support.
Finally, he addressed the changing ‘matrices of victory’. While earlier conflicts were measured by casualties and captured soldiers, he noted that modern victory is increasingly defined by the speed and tempo of operations and the precision of long-range strikes.
""The fourth important trend I think we can debate is the matrices of victory and how we perceive victory... In the past, matrices of victory were probably defined by losses inflicted in terms of men and equipment.
In 1971, we had 95,000 Pakistanis captured... But in today's warfare, probably the new matrices of warfare or victory are the speed and tempo of operations, effects of long-range precision strikes,"" he said.
General Chauhan reflected on India’s cultural and historical traditions of balancing thought and force. “We have always spoken about ‘Shastra’ and ‘Shaastra’ in the same breath. They were actually the two blades of the same sword,” he remarked, citing examples from the Mahabharata where Arjuna, despite being a great warrior, needed Krishna’s guidance to secure victory.
The CDS stressed the importance of intellectual depth in defence studies. “Serious research is needed on all dimensions of war connected to leadership, motivation, and technology. We need to be ‘atmanirbhar’ in ideas and practice,” he said.
The ministry of defence had earlier described Ran Samwad as a platform to strengthen India’s strategic thinking and inter-service cooperation. The two-day seminar, curated by the Headquarters Integrated Defence Staff and the Centre for Joint Warfare Studies, brings together military professionals, defence experts and industry leaders. Defence minister Rajnath Singh will deliver the plenary address on the concluding day.
About the Author
TOI News Desk
The TOI News Desk comprises a dedicated and tireless team of journalists who operate around the clock to deliver the most current and comprehensive news and updates to the readers of The Times of India worldwide. With an unwavering commitment to excellence in journalism, our team is at the forefront of gathering, verifying, and presenting breaking news, in-depth analysis, and insightful reports on a wide range of topics. The TOI News Desk is your trusted source for staying informed and connected to the ever-evolving global landscape, ensuring that our readers are equipped with the latest developments that matter most.""
Read More"
https://timesofindia.indiatimes.com/india/the-last-sortie-iaf-chief-flies-mig-21-into-history/articleshow/123515345.cms,"Weather
Sign In
News
India News
The last sortie: IAF chief flies MiG-21 into history
The last sortie: IAF chief flies MiG-21 into history
TNN /
Updated: Aug 26, 2025, 12:37 IST
Share
AA
+
Text Size
Small
Medium
Large
Ahead of their retirement after six decades of service, Air Chief Marshal A P Singh and other IAF officers flew MiG-21 sorties as a final farewell. ACM Singh praised the aircraft's agility but acknowledged its outdated technology and maintenance challenges. The formal farewell for the MiG-21s will be held in Chandigarh on Sept 26.
NEW DELHI: A month before the retirement of MiG-21s, which were the first supersonic fighters to be inducted by India from Russia in 1963 but plagued by an alarmingly high crash rate in later years, the IAF chief and other officers flew sorties in the single-engine jet as a final farewell to the old workhorse.
“It’s an amazing aircraft to fly, very agile and manoeuvrable…It will be missed by all who flew it,” Air Chief Marshal A P Singh said after the MiG-21 sorties at Nal airbase. “But everything has a time and place. The technology is outdated and difficult to maintain now.”
It’s time to move on to newer platforms: Singh
""MiG-21 technology is outdated. It’s time to move on to newer platforms like Tejas, Rafales and Sukhoi-30s,” Air Chief Marshal A P Singh said.
One of the MiG-21 sorties ACM Singh flew was in a formation led by Squadron Leader Priya Sharma, who is among the over 20 women fighter pilots in the IAF who are also flying Sukhoi-30MKIs and Rafales.
Poll
Should the IAF continue to keep older aircraft in service despite their drawbacks?
Yes, for legacy reasons
No, safety should come first
The formal ceremonial farewell for the MiG-21s, after over six decades in service that saw the delta-wing fighters take part in all major conflicts but were highly unforgiving to pilot errors, will take place at Chandigarh on Sept 26. The MiG-21s were among the most massproduced supersonic fighter jets in history, with over 11,000 aircraft operated by more than 60 countries."
https://timesofindia.indiatimes.com/india/hanumanji-first-to-travel-to-space-anurag-thakurs-interaction-with-student-sparks-row-dmk-says-science-is-not-mythology/articleshow/123493296.cms,"Weather
Sign In
News
India News
'Hanuman ji first to travel to space': Anurag Thakur’s interaction with students sparks row; DMK says 'science is not mythology'
'Hanuman ji first to travel to space': Anurag Thakur’s interaction with students sparks row; DMK says 'science is not mythology'
TOI News Desk
/ TIMESOFINDIA.COM /
Updated: Aug 25, 2025, 13:01 IST
Share
AA
+
Text Size
Small
Medium
Large
During a National Space Day event, BJP MP Anurag Thakur sparked controversy by suggesting Hanuman was the first to travel to space, contradicting the widely accepted fact that Neil Armstrong was the first person to walk on the moon.
NEW DELHI: BJP MP Anurag Thakur, during an interaction with school children on National Space Day, asked “who was the first person to travel to space.” When the students answered “Neil Armstrong,” Thakur responded, “I think Hanuman ji was the first person to travel to space.
” The exchange has drawn sharp criticism from the opposition, with the DMK accusing him of “confusing fact with fable.”
While interacting with students at Shri Jawahar Navodaya Vidyalaya in Una, Himachal Pradesh, on National Space Day, Thakur argued that knowledge traditions should extend beyond what he described as “textbooks given to us by the British.” He urged teachers to look towards “our veds, our textbooks and our knowledge,” saying this would allow students to see “a lot more.”
DMK’s response: ‘Science is not mythology’
The remark triggered an immediate backlash from the DMK. Party MP Kanimozhi, in a post on X, said: “A member of parliament and former union minister asking school children who first set foot on the moon, and insisting that it was not Neil Armstrong but Hanuman, is deeply troubling. Science is not mythology. To mislead young minds in classrooms is an insult to knowledge, reason, and the spirit of scientific temper enshrined in our Constitution.
India’s future lies in nurturing curiosity, not confusing fact with fable.”
Poll
Should the Indian educational curriculum include ancient wisdom alongside modern science?
Yes, it enriches learning
No, it confuses students
Thakur hails India’s space strides
At the same event, Thakur highlighted India’s recent achievements in the space sector, noting the Chandrayaan-3 success in 2023 and Prime Minister Narendra Modi’s role in supporting scientists. He said India is aiming to set up its own space station by 2035 and achieve a crewed lunar landing by 2040.
He also pointed to India’s growing space economy, the development of the Polar Satellite Launch Vehicle, and milestones such as launching 104 satellites in one flight and the successful testing of the reusable launch vehicle.
“Earlier we had to seek help from foreign countries to launch our satellites, but now foreign nations seek help from us,” Thakur told students.
The occasion marked the second National Space Day, commemorating India’s Chandrayaan-3 mission. This year’s theme, “Aryabhatta to Gaganyaan: Ancient Wisdom to Infinite Possibilities,” linked India’s ancient astronomical traditions with modern space ambitions.
Soviet cosmonaut Yuri Gagarin became the first human to travel into space in 1961, while American astronaut Neil Armstrong was the first person to set foot on the Moon in 1969.
About the Author
TOI News Desk
The TOI News Desk comprises a dedicated and tireless team of journalists who operate around the clock to deliver the most current and comprehensive news and updates to the readers of The Times of India worldwide. With an unwavering commitment to excellence in journalism, our team is at the forefront of gathering, verifying, and presenting breaking news, in-depth analysis, and insightful reports on a wide range of topics. The TOI News Desk is your trusted source for staying informed and connected to the ever-evolving global landscape, ensuring that our readers are equipped with the latest developments that matter most.""
Read More"
https://timesofindia.indiatimes.com/india/the-last-sortie-iaf-chief-flies-mig-21-into-history/articleshow/123515345.cms,"Weather
Sign In
News
India News
The last sortie: IAF chief flies MiG-21 into history
The last sortie: IAF chief flies MiG-21 into history
TNN /
Updated: Aug 26, 2025, 12:37 IST
Share
AA
+
Text Size
Small
Medium
Large
Ahead of their retirement after six decades of service, Air Chief Marshal A P Singh and other IAF officers flew MiG-21 sorties as a final farewell. ACM Singh praised the aircraft's agility but acknowledged its outdated technology and maintenance challenges. The formal farewell for the MiG-21s will be held in Chandigarh on Sept 26.
NEW DELHI: A month before the retirement of MiG-21s, which were the first supersonic fighters to be inducted by India from Russia in 1963 but plagued by an alarmingly high crash rate in later years, the IAF chief and other officers flew sorties in the single-engine jet as a final farewell to the old workhorse.
“It’s an amazing aircraft to fly, very agile and manoeuvrable…It will be missed by all who flew it,” Air Chief Marshal A P Singh said after the MiG-21 sorties at Nal airbase. “But everything has a time and place. The technology is outdated and difficult to maintain now.”
It’s time to move on to newer platforms: Singh
""MiG-21 technology is outdated. It’s time to move on to newer platforms like Tejas, Rafales and Sukhoi-30s,” Air Chief Marshal A P Singh said.
One of the MiG-21 sorties ACM Singh flew was in a formation led by Squadron Leader Priya Sharma, who is among the over 20 women fighter pilots in the IAF who are also flying Sukhoi-30MKIs and Rafales.
Poll
Should the IAF continue to keep older aircraft in service despite their drawbacks?
Yes, for legacy reasons
No, safety should come first
The formal ceremonial farewell for the MiG-21s, after over six decades in service that saw the delta-wing fighters take part in all major conflicts but were highly unforgiving to pilot errors, will take place at Chandigarh on Sept 26. The MiG-21s were among the most massproduced supersonic fighter jets in history, with over 11,000 aircraft operated by more than 60 countries."
https://timesofindia.indiatimes.com/india/noida-dowry-case-cctv-shows-husband-outside-house-at-time-of-death/articleshow/123512649.cms,"Weather
Sign In
News
India News
Noida dowry case: CCTV 'shows husband outside house' at time of death
Noida dowry case: CCTV 'shows husband outside house' at time of death
Advitya Bahl
/ TNN /
Updated: Aug 26, 2025, 10:59 IST
Share
AA
+
Text Size
Small
Medium
Large
Representational photo (Instagram/Vipin Bhati)
Noida: The investigation into the death of 26-year-old Nikki Bhati, in which her husband Vipin is the prime accused and has been charged with murder, has taken a turn. CCTV footage that emerged on Monday purportedly shows Vipin standing at a grocery shop outside their Greater Noida house at the time when Nikki was allegedly attacked on Aug 21 evening.
The footage, from a shop diagonally opposite from the Bhati house in Sirsa village, has prompted police to revisit the timeline and scrutinise videos of the alleged assault shared by Nikki's family. These videos, including one in which Nikki is seen purportedly staggering down the stairs with her torso on fire, were taken by her sister Kanchan, who lives in the same house and is married to Vipin's younger brother Rohit.
On Monday, police made two more arrests, taking into custody Vipin's father Satveer and Rohit, both of whom had been absconding since the alleged murder.
Poll
Do you think CCTV evidence plays a crucial role in solving such cases?
Yes, it helps uncover the truth
No, it can be misleading sometimes
'Couple had a heated row just before incident'
Vipin and his mother Daya were arrested on Sunday. Vipin, who allegedly tried to flee cops while he was being taken to the crime scene, was shot in the leg in an encounter.
The time stamp on the footage from the camera that purportedly shows Vipin and his six-year-old son standing on the road puts him at the grocery store at the time of the alleged assault, which - according to the complaint from Nikki's family and the time recorded on the video shared by Kanchan of Nikki engulfed in flames - is 5.45pm, police sources said.
In the CCTV clip, the man, believed to be Vipin wearing a check shirt and blue trousers, is seen standing near a white car parked on the main road outside the house at 5.42pm. A boy joins him, apparently holding a rope that he tugs several times. The man lingers, glancing down the road and chatting with two or three boys. Suddenly, at 5.47pm, a commotion appears to erupt. The man in the check shirt sprints towards the house, followed closely by an older man who also rushes inside.
Moments later, the younger man emerges again, gesturing to bystanders who gather. He is seen talking to a man in shorts as the crowd swells. At 5.48pm, the man gets into the white car, briefly steps out, and then reverses the vehicle into the lane as more people gather.
Devendra, Vipin's cousin, claimed that Nikki suffered burns from a cylinder blast in the kitchen. ""The shop where Vipin is standing is opposite their house.
I heard Vipin shouting about rushing Nikki to hospital. Everyone was shouting about Nikki being injured in a fire. If you see the footage, you'll see me walking out of my shop in shorts after Vipin. I downed the shutters and drove the car. Along with uncle and aunty (Daya and Satveer), I took Nikki to hospital.
She told us there was a cylinder blast inside the house and kept asking for water all the way to the hospital as she couldn't breathe.
We took her to Fortis Hospital, where she also told the doctor about a cylinder blast,"" he said.
A senior officer said the timing of the footage and that of videos shared by Nikki's family need to be matched. ""We will cross-check a few things, especially the time span. We are anyway verifying the contents of the footage and the video handed over to us by Kanchan as the main evidence. Footage from the hospital where Nikki was taken to initially needs to be examined too,"" he told TOI.
Devendra's version conflicts with that of Kanchan, who alleged her sister was set on fire. In one of the videos posted by Kanchan on her YouTube channel, Vipin is seen dragging Nikki by the hair and taunting her to ""make a video"". Another brief video shows Nikki engulfed in flames. According to Vipin's relatives, the clips are from last winter, not Aug 21.
Police said they would probe all possibilities, including dowry harassment, domestic violence and suicide.
""The accused, the husband, father-in-law, mother-in-law and brother-in-law, have all been arrested,"" said Sudhir Kumar, additional DCP, Greater Noida.
Investigators have learned that tension started after Nikki and Kanchan opened a beauty parlour at home. The family allegedly opposed the venture, but Nikki persisted. Relations deteriorated further in 2024 after Nikki discovered Vipin's affair with a woman from Jarcha, who later filed a police case against him for physical abuse. In the days leading up to Nikki's death, the couple was not on talking terms, living in separate rooms, sources said.
""The couple had a heated argument minutes before the incident, during which Vipin allegedly slapped Nikki several times,"" a police source said.
About the Author
Advitya Bahl
Advitya Bahl is a crime reporter with the Times of India's Noida edition.  With nearly a decade of experience covering both high and medium level criminal cases, court trials, and police investigations, he has built sources within the beat with reputation, integrity, and impactful storytelling. Advitya's  work sheds light on systemic flaws in law enforcement and brings voices to the fore.
Read More"
https://timesofindia.indiatimes.com/india/what-about-those-inducting-criminals-kejriwal-targets-amit-shah-cites-own-160-days-jail-govt/articleshow/123499426.cms,"Weather
Sign In
News
India News
'What about those inducting criminals': Kejriwal targets Amit Shah; cites own '160 days jail govt'
'What about those inducting criminals': Kejriwal targets Amit Shah; cites own '160 days jail govt'
TOI News Desk
/ TIMESOFINDIA.COM /
Updated: Aug 25, 2025, 20:31 IST
Share
AA
+
Text Size
Small
Medium
Large
Arvind Kejriwal has launched a sharp retort to Amit Shah's defense of the 130th constitutional amendment bill, which proposes disqualifying lawmakers jailed for over 30 days in serious cases. Kejriwal questioned the ethics of inducting criminals into parties and rewarding them with high office. Shah expressed confidence that the bill, aimed at upholding constitutional morality, would pass despite opposition.
Arvind Kejriwal (File photo)
NEW DELHI: Former Delhi chief minister Arvind Kejriwal on Monday shot off a barbed response to Union home minister
Amit Shah
’s recent interview, in which the BJP leader defended the government's 130th constitutional amendment bill.
The bill proposes the removal of lawmakers detained or arrested for more than 30 days in cases carrying a punishment of five years or more.
Delhi Polls: Kejriwal Attacks Election Commissioner; Shah Says People Will Sweep AAP Out With Broom
In the interview with news agency ANI, Shah asked if it was ""fair for ministers, chief ministers or even the prime minister—accused of corruption or facing charges with more than five years’ punishment -- to run the government from jail?""
Responding to the Union home minister's question, Kejriwal posed a counter question asking: ""And what about a leader who inducts hardened criminals into his party, helps them wipe off their cases, and then rewards them with positions like minister, deputy chief minister, or even chief minister—should such a minister or prime minister not also be forced to step down? How many years of imprisonment should such a person face?""
The AAP convenor further asked: ""Finally, if someone is falsely implicated in a case, sent to jail, and later acquitted, how many years of jail should the minister responsible for framing that false case get?""
Kerjiwal had refused to step down as Delhi CM when he was jailed over the alleged scam linked to the scrapped Delhi liquor policy and continued to serve as chief minister from Tihar jail.
Referring to the incident, Shah said: ""When the constitution was made, the constitution makers would not have imagined such shamelessness that any CM would go to jail and remain the CM from jail.""
Shah said Kejriwal continued to serve as CM as the Delhi high court ruled that there was no provision in the law to remove him from the post.
""When the case went to the high court, it was argued that Arvind Kejriwal should resign because he is in jail.
The high Court said that we believe that he should resign on moral grounds but there is no provision in the current law. My party believes, the Prime Minister of the country believes that no CM, minister or PM in this country can run the government while being in jail,"" the Union home minister said.
Kejriwal attacked Amit Shah over his statement, saying his 160-day government from jail was better than the current BJP-led Delhi government.
""When the Centre conspired to frame me in false cases and sent me to jail, I ran the government for 160 days from behind bars. In the past seven months, the BJP government in Delhi has dragged the city into such a mess that people now recall those jail days of governance. At least back then, the power and water were available, medicines were free in hospitals and mohalla clinics, medical tests were free, one spell of rain didn’t throw the city into chaos, and private schools weren’t given a free hand to extort and bully parents,"" the ex-Delhi CM said.
BJP's national spokesperson Shehzad Poonawalla lashed out at Kejriwal over his remark, saying: ""During Covid we worked from home. Now they want 'Work from Jail' for the 1st time in India. Can a CM hold meetings from prison? Where will public hearings be held — inside jail rooms? How will we cope if their is any emergency? This fails both on morality and practicality.""
In the interview, Shah also expressed confidence that the Constitution (130th Amendment) Bill, 2025, will be passed, despite the opposition's fierce criticism.
Shah said it's aimed at upholding ""constitutional morality"" and public trust, emphasising that the bill would apply equally to all leaders, including those from the ruling party.
""I am sure it will be passed. There will be many people in the Congress party and in the opposition who will support morality and maintain the moral ground,"" he said.
""The Prime Minister himself has included the post of PM in this... Earlier, Indira Gandhi had brought the 39th amendment (of protecting the President, VP, PM, and Speaker from judicial review by Indian courts)...Narendra Modi ji has brought a constitutional amendment against himself that if the Prime Minister goes to jail, he will have to resign,"" Shah added.
Currently, the bill has been referred to a JPC for detailed scrutiny, comprising 31 members from both houses of Parliament. The committee will examine the bill and provide recommendations before it is put to vote.
About the Author
TOI News Desk
The TOI News Desk comprises a dedicated and tireless team of journalists who operate around the clock to deliver the most current and comprehensive news and updates to the readers of The Times of India worldwide. With an unwavering commitment to excellence in journalism, our team is at the forefront of gathering, verifying, and presenting breaking news, in-depth analysis, and insightful reports on a wide range of topics. The TOI News Desk is your trusted source for staying informed and connected to the ever-evolving global landscape, ensuring that our readers are equipped with the latest developments that matter most.""
Read More"
https://timesofindia.indiatimes.com/india/no-matter-how-much-pressure-comes-pm-modis-strong-message-as-trumps-50-tariff-looms-vows-to-support-small-entrepreneurs-farmers/articleshow/123505583.cms,"Weather
Sign In
News
India News
'No matter how much pressure comes': PM Modi's strong message as Trump's 50% tariff looms; vows to support small entrepreneurs, farmers
'No matter how much pressure comes': PM Modi's strong message as Trump's 50% tariff looms; vows to support small entrepreneurs, farmers
TOI News Desk
/ TIMESOFINDIA.COM /
Updated: Aug 25, 2025, 19:48 IST
Share
AA
+
Text Size
Small
Medium
Large
Prime Minister Modi pledged unwavering support for India's small entrepreneurs, farmers, and animal keepers amidst rising economic pressures. His statement comes as US President Trump's 50% tariff on Indian goods is set to take effect. India has criticized the US tariffs as unjustified, vowing to protect its domestic stakeholders and pursue an independent trade policy.
NEW DELHI: Prime Minister
Narendra Modi
on Monday issued a strong statement in support of small entrepreneurs and farmers, just two days before US President Donald Trump's 50 per cent tariff on India comes into effect.
""Today in the world, everyone is busy doing politics based on economic interests. From this land of Ahmedabad, I will tell my small entrepreneurs, my small shopkeeper brothers and sisters, my farmer brothers and sisters, my animal husbandry brothers and sisters and I am saying this on the land of Gandhi ... be it the small entrepreneurs, farmers, or animal keepers of my country, for everyone, I promise you again and again, your interests are paramount for Modi,"" he said while addressing a rally in Ahmedabad.
""My government will never let any harm come to the small entrepreneurs, farmers, and animal keepers. No matter how much pressure comes, we will keep increasing our strength to withstand. Today, the Atmanirbhar Bharat Abhiyan is getting a lot of energy from Gujarat and behind this are two decades of hard work,"" PM Modi said.
The strong-worded remark comes just days before Trump's 50 per cent tariff on Indian goods comes into effect from August 27.
Since Donald Trump hiked tariffs on Indian goods to 50 per cent, including an extra 25 per cent, penalty for India’s discounted Russian crude purchases - ties between New Delhi and Washington have soured.
The US accuses India of indirectly funding Moscow’s war in Ukraine through these oil imports, a claim New Delhi has flatly dismissed. India began buying Russian crude at cheaper rates after Western nations sanctioned Moscow following its 2022 invasion of Ukraine.
Foreign minister S Jaishankar, speaking in Delhi on Saturday, mocked Washington’s stance.
""It’s ironic for a pro-business American administration to accuse others of doing business,"" he quipped, when asked about the US criticism.
Taking a sharper swipe, he added: ""If you don’t like Indian oil or refined products, don’t buy them. Nobody is forcing you. But Europe buys, America buys. So if you have a problem, just stop buying.""
About the Author
TOI News Desk
The TOI News Desk comprises a dedicated and tireless team of journalists who operate around the clock to deliver the most current and comprehensive news and updates to the readers of The Times of India worldwide. With an unwavering commitment to excellence in journalism, our team is at the forefront of gathering, verifying, and presenting breaking news, in-depth analysis, and insightful reports on a wide range of topics. The TOI News Desk is your trusted source for staying informed and connected to the ever-evolving global landscape, ensuring that our readers are equipped with the latest developments that matter most.""
Read More"
https://timesofindia.indiatimes.com/india/never-in-indias-history-amit-shah-on-what-led-to-his-gujarat-exile-in-2010-a-bail-plea-that-dragged-on-for-2-years/articleshow/123502183.cms,"Weather
Sign In
News
India News
'Never in India's history': Amit Shah on what led to his Gujarat exile in 2010 - a bail plea that dragged on for 2 years
'Never in India's history': Amit Shah on what led to his Gujarat exile in 2010 - a bail plea that dragged on for 2 years
TOI News Desk
/ TIMESOFINDIA.COM /
Updated: Aug 25, 2025, 17:24 IST
Share
AA
+
Text Size
Small
Medium
Large
Amit Shah clarified his departure from Gujarat during the Sohrabuddin Sheikh case. He stated he offered to leave after a court expressed concerns about evidence tampering. Shah also defended the government's bill regarding the removal of lawmakers facing serious charges. He highlighted his own resignation upon receiving a CBI summons. The bill is currently under review by a parliamentary committee.
Union home minister Amit Shah (ANI photo)
NEW DELHI: Union home minister
Amit Shah
on Monday revealed why he left Gujarat for two years while the probe into the Sohrabuddin Sheikh fake encounter case was under way.
Shah said it was he who submitted in the court to leave the state, as Justice Aftab Alam, who was hearing the case, feared the BJP leader could tamper with the evidence, given his past influential position.
Amit Shah was the home minister of the BJP-ruled Gujarat under then-chief minister Narendra Modi.
Responding to ANI’s question on whether Justice Aftab Alam had visited his house to take his signature mandating his exile, Amit Shah said: ""This never happened. Aftab Alam never came to my house, nor did such a need ever arise. On Sunday, he convened a special court to hear my bail application and observed that Amit Shah, who had served as home minister, could tamper with the evidence.""
The Union home minister futher said: ""Therefore, responding to that observation, my lawyer submitted that unless the bail application was decided, my client would stay outside Gujarat. That was my statement (about leaving Gujarat).""
Pointing out the delay in the hearing of his bail application, Shah said: ""I stayed outside Gujarat for two years because, in India’s history, no bail application was ever dragged for that long (2 years).
The maximum a bail application had taken to be heard was 11 days.""
Shah defended the government's 130th Constitutional (Amendment) Bill by giving his example when he stepped down as the minister merely on the
CBI
's summons.
He added that he did not hold any constitutional post until the case was fully quashed.
""As I received the summons from CBI, I resigned the very next day. I was arrested later. The case went on, and the judgment also came that this was a case of political vendetta, and I am completely innocent.
That judgment came later, I was granted bail earlier... Even then, I did not take oath and become the home minister again. Not only this, I did not take oath for any constitutional post until all the charges against me were completely quashed.
What lessons on morality are the opposition teaching me?"" Amit Shah said.
In the interview, Shah also expressed confidence that the bill will be passed, despite the opposition's fierce criticism.
Shah said it's aimed at upholding ""constitutional morality"" and public trust, emphasising that the bill would apply equally to all leaders, including those from the ruling party.
The bill proposes the removal of lawmakers detained or arrested for more than 30 days in cases carrying a punishment of five years or more.
Currently, the bill has been referred to a JPC for detailed scrutiny, comprising 31 members from both houses of Parliament. The committee will examine the bill and provide recommendations before it is put to vote.
About the Author
TOI News Desk
The TOI News Desk comprises a dedicated and tireless team of journalists who operate around the clock to deliver the most current and comprehensive news and updates to the readers of The Times of India worldwide. With an unwavering commitment to excellence in journalism, our team is at the forefront of gathering, verifying, and presenting breaking news, in-depth analysis, and insightful reports on a wide range of topics. The TOI News Desk is your trusted source for staying informed and connected to the ever-evolving global landscape, ensuring that our readers are equipped with the latest developments that matter most.""
Read More"
https://timesofindia.indiatimes.com/india/pm-modi-degree-row-delhi-hc-quashes-cic-order-du-not-bound-to-share-his-1978-ba-records/articleshow/123500375.cms,"Weather
Sign In
News
India News
PM Modi degree row: Delhi HC quashes CIC order; DU not bound to share his 1978 BA records
PM Modi degree row: Delhi HC quashes CIC order; DU not bound to share his 1978 BA records
TOI News Desk
/ TIMESOFINDIA.COM /
Updated: Aug 25, 2025, 17:10 IST
Share
AA
+
Text Size
Small
Medium
Large
The Delhi High Court overturned a Central Information Commission (CIC) order on Monday, which had instructed the disclosure of information pertaining to Prime Minister Narendra Modi's bachelor's degree. Justice Sachin Datta delivered the verdict following a petition from Delhi University challenging the CIC's directive.
NEW DELHI: The Delhi high court on Monday quashed a Central Information Commission (CIC) order that had directed disclosure of details regarding Prime Minister Narendra Modi's bachelor's degree.
Justice Sachin Datta gave the judgment, which had been reserved on February 27, after hearing a petition filed by
Delhi University
against the CIC order.
The case began with an RTI request filed by a man named Neeraj. In December 2016, the CIC had allowed people to inspect the records of all students who passed the BA exam in 1978, the same year PM Modi completed his graduation.
The Delhi high court had earlier put a stay on the CIC order on January 23, 2017.
Poll
Do you agree with the Delhi University's position on keeping student records confidential?
Yes, student records should remain private.
No, they should be accessible under RTI.
During the hearing, Solicitor General Tushar Mehta, representing Delhi University (DU), argued that the CIC order should be cancelled. He said the university had no problem showing the records to the court itself.
""University has no objection in showing the record to the court. There is a degree from 1978, Bachelor of Arts,"" Mehta stated.
DU challenged the CIC directive by saying that student records are kept in a fiduciary capacity, and that “mere curiosity” without larger public interest cannot justify disclosure under the RTI Act.
On the other hand, the counsel for the RTI applicants defended the CIC order, arguing that the Right to Information law allows disclosure of the prime minister’s educational details because it serves a greater public good.
About the Author
TOI News Desk
The TOI News Desk comprises a dedicated and tireless team of journalists who operate around the clock to deliver the most current and comprehensive news and updates to the readers of The Times of India worldwide. With an unwavering commitment to excellence in journalism, our team is at the forefront of gathering, verifying, and presenting breaking news, in-depth analysis, and insightful reports on a wide range of topics. The TOI News Desk is your trusted source for staying informed and connected to the ever-evolving global landscape, ensuring that our readers are equipped with the latest developments that matter most.""
Read More"
https://timesofindia.indiatimes.com/india/hallmark-of-cowardly-government-rahul-gandhi-attacks-centre-after-lathi-charge-on-protesting-ssc-aspirants-gives-call-to-fight-back/articleshow/123500590.cms,"Weather
Sign In
News
India News
'Hallmark of cowardly government': Rahul Gandhi attacks Centre after lathi charge on protesting SSC aspirants; gives call to 'fight back'
'Hallmark of cowardly government': Rahul Gandhi attacks Centre after lathi charge on protesting SSC aspirants; gives call to 'fight back'
TOI News Desk
/ TIMESOFINDIA.COM /
Updated: Aug 25, 2025, 17:16 IST
Share
AA
+
Text Size
Small
Medium
Large
Congress leaders, including Rahul Gandhi, have strongly criticized the central government over the alleged lathi-charge on SSC aspirants protesting in Delhi, accusing the Modi government of ignoring the youth's concerns and manipulating elections. The leaders condemned the police action, while Delhi Police denied the lathi-charge, stating that some protestors were detained for refusing to leave after the permitted time.
Rahul Gandhi (File photo)
NEW DELHI: Congress leader
Rahul Gandhi
on Monday hit out at the Centre over the alleged lathicharge on Staff Selection Commission (SSC) aspirants and trainers protesting at Delhi’s Ramlila Maidan.
He accused the Modi government of ignoring the concerns of the youth, alleging it had come to power by “stealing votes.
”
In a post in Hindi on X, Gandhi said the lathicharge on SSC aspirants and teachers peacefully protesting at Ramlila Maidan was “not just shameful, but the hallmark of a cowardly government.”
'Talks Are On With...': Rahul’s Wedding Remark After Tejashwi’s Tip Sparks Political Banter In Bihar
The protest, held on Sunday, saw the participation of several SSC candidates and their trainers, who were demanding transparency and better conduct of recruitment examinations.
The SSC exams have faced repeated complaints of abrupt cancellations, server crashes, unresponsive systems and exam centres located as far as 500 kilometres from candidates’ homes.
Poll
Do you believe the government's response to the SSC protests was justified?
Yes, they acted appropriately
No, it was excessive
“The youth had only demanded their rights — employment and justice. What did they get? Lathis,” Gandhi said.
He alleged that the government first manipulated elections to secure votes, then allowed irregularities in examinations, followed by failures in providing jobs and ultimately sought to suppress citizens’ rights and voices.
The Congress leader further said the government does not prioritise the demands of youth, farmers, the poor, Dalits and minorities, as it does not depend on their votes. He urged people not to be afraid but to stand firm and fight back.
Congress president
Mallikarjun Kharge
also condemned the alleged police action, claiming the Modi government had made it a “habit” to jeopardise the future of the youth.
“Stealing the future of the country’s youth has become a habit of the Modi government.
The brutal lathi-charge by the Modi government’s puppet police on students protesting against rigging in SSC exams at Delhi’s Ramlila Maidan is highly condemnable,” Kharge said in a post on X.
Congress general secretary
Priyanka Gandhi
Vadra too criticised the government, calling the use of force on protesting students “inhuman and shameful.”
In her post on X, she said, “The youth of the entire country are troubled by rigging in every exam, scams in every recruitment and paper leaks.
The corruption in the recruitment process and exams under the BJP rule is ruining the future of the youth.”
Denying the allegations, a senior
Delhi Police
officer said around 1,500 protestors had gathered at the site, and about 100 refused to leave after the permitted time despite repeated requests.
“Out of those who were not leaving, 44 protestors were detained. There was no lathi-charge,” the officer clarified.
The SSC is a statutory body responsible for conducting recruitment examinations for various posts across ministries, departments and other government organisations.
The Phase 13 exam, held between July 24 and August 1 at 194 centres in 142 cities, faced multiple disruptions. Approximately five lakh candidates appeared for the examination during this period.
These issues sparked widespread protests across Delhi last week, drawing thousands of aspirants to the streets and triggering a strong backlash on social media.
About the Author
TOI News Desk
The TOI News Desk comprises a dedicated and tireless team of journalists who operate around the clock to deliver the most current and comprehensive news and updates to the readers of The Times of India worldwide. With an unwavering commitment to excellence in journalism, our team is at the forefront of gathering, verifying, and presenting breaking news, in-depth analysis, and insightful reports on a wide range of topics. The TOI News Desk is your trusted source for staying informed and connected to the ever-evolving global landscape, ensuring that our readers are equipped with the latest developments that matter most.""
Read More"
https://timesofindia.indiatimes.com/india/pm-narendra-modi-gujarat-visit-today-live-updates-ahmedabad-projects-railways-roads-housing/liveblog/123514657.cms,"Weather
Sign In
PM Modi Gujarat Visit Live Updates: PM Modi hails Gujarat EV plant; calls it a 'big leap'
Commentary
News
India News
PM Modi Gujarat Visit Live Updates: PM Modi hails Gujarat EV plant; calls it a 'big leap'
THE TIMES OF INDIA |
Aug 26, 2025, 18:55:16 IST
Share
PM Modi Gujarat Visit Live Updates: PM Modi hails Gujarat EV plant; calls it a 'big leap'
On the second and final day of his Gujarat visit, Prime Minister Narendra Modi inaugurated two landmark projects at Suzuki Motor’s Hansalpur plant in Ahmedabad.
The prime minister launched and flagged off the “e-VITARA”, Suzuki’s first global strategic Battery Electric Vehicle (BEV). The Made-in-India BEVs will be exported to over 100 countries, including advanced markets such as Europe and Japan. With this milestone, India will become Suzuki’s global manufacturing hub for electric vehicles.
PM Modi also inaugurated a facility for localized production of hybrid battery electrodes at the TDS Lithium-Ion Battery plant, a joint venture of Toshiba, Denso, and Suzuki. The project is expected to significantly strengthen domestic manufacturing capabilities and accelerate India’s transition toward clean energy innovation.
18:55 (IST) Aug 26
PM Modi Gujarat Live Updates:PM speaks about strong India-Japan partnership
&mdash; MEAIndia (@MEAIndia)
14:09 (IST) Aug 26
PM Modi Gujarat Visit Live Updates: PM pushes for self-reliance in critical minerals
Prime Minister Narendra Modi on Tuesday addressed the government’s push to secure critical minerals for the auto industry, with the launch of the National Critical Mineral Mission to boost exploration and domestic capacity.
“The Indian government is also aware of the shortage of rare earth magnets for the auto industry. To increase the capacity of the industry in this direction, we have also launched the National Critical Mineral Mission. Under this, more exploration missions will be conducted at different places in the country, and critical minerals will be discovered,” PM Modi said after flagging off Maruti Suzuki’s first battery electric vehicle (BEV), e-Vitara.
Read more
13:56 (IST) Aug 26
PM Modi Gujarat Visit Live Updates: Maruti Suzuki to scale up India operations
Japanese car manufacturer Suzuki Motor Corporation, on Tuesday, announced plans to invest Rs 70,000 crore in India over the next five to six years to enhance its operations in the country, as said by Representative Director and President Toshihiro Suzuki on Tuesday.
The announcement came after Prime Minister Narendra Modi launched the export programme of Maruti Suzuki India's first electric vehicle e VITARA to 100 countries and inaugurated the production of lithium-ion battery cells for strong hybrid electric vehicles at their facility.
Read more
12:59 (IST) Aug 26
PM Modi Gujarat Visit Live Updates: Foundation of this battery plant was laid in 2017, says PM Modi
We all know that the most critical part of the EV ecosystem is the battery. Until a few years ago, batteries were entirely imported. To strengthen EV manufacturing, it was essential for India to also produce batteries. With this vision, we laid the foundation of the TDSG battery plant here in 2017: PM Modi
12:48 (IST) Aug 26
PM Modi Gujarat Visit Live Updates: Aerial view of Maruti Suzuki's Gujarat plant
&mdash; ANI (@ANI)
12:39 (IST) Aug 26
PM Modi Gujarat Visit Live Updates: PM hails India's democracy, demography
India has the power of democracy. India has the advantage of demography. We also have a very large pool of skilled workforce.  Therefore, this creates a Win-Win Situation for every Partner of ours. Today, Suzuki Japan is manufacturing in India, and the cars made here are being exported back to Japan. This is not only a symbol of the strength of the relationship between India and Japan, but also reflects the global confidence in India. In a way, companies like Maruti Suzuki have become brand ambassadors of Make in India: PM Modi
12:35 (IST) Aug 26
PM Modi Gujarat Visit Live Updates: Maruti Suzuki entering its 'teenage' in Gujarat, says PM Modi
In one way, 13 marks the beginning of teenage — a time to let dreams fly. As Maruti enters its teenage in Gujarat, it will once again open its wings and move forward with renewed enthusiasm. About 13 years ago, we allotted land to Maruti Suzuki India Limited with the vision to Make in India and Make Viksit Bharat, and those efforts today are playing a key role in developing India. On this occasion, I fondly remember Late Osamu Suzuki San, whom our government was fortunate to honour with the Padma Vibhushan: PM Modi
12:23 (IST) Aug 26
PM Modi Gujarat Visit Live Updates: Make-in-India a 'big leap' towards Viksit Bharat, says PM Modi
Addressing a gathering in Ahmedabad, PM Modi says, ""Make in India, Make for the World is a big leap towards the vision of Viksit Bharat 2047. From today, India-made EVs will be exported globally, and hybrid battery electrode manufacturing will also begin. This day marks a new milestone in the friendship of India and Japan. I congratulate all countrymen, Suzuki, and Japan on this momentous occasion.""
11:52 (IST) Aug 26
PM Modi Gujarat Visit Live Updates: Top points about 'e VITARA' project
First showcased at the Bharat Mobility Global Expo in New Delhi earlier this year, the e-Vitara is Maruti Suzuki’s debut EV and marks the company’s global push in the electric segment.
Read more
11:22 (IST) Aug 26
PM Modi Gujarat Visit Live Updates: PM Modi takes tour of Maruti Suzuki's new plant
&mdash; PTI_News (@PTI_News)
11:09 (IST) Aug 26
PM Modi Gujarat Visit Live: Maruti Suzuki's EV and battery plant inaugurated
PM Modi inaugurates Maruti Suzuki's EV and battery plant; flags off India-made 'e VITARA' vehicles.
09:57 (IST) Aug 26
PM Modi Gujarat Visit Live: 'Big boost to India's battery ecosystem', says PM Modi on Suzuki's 'e VITARA' vehicles
&mdash; narendramodi (@narendramodi)
09:33 (IST) Aug 26
PM Modi Gujarat Visit Live: PM shares glimpses of his Ahmedabad roadshow
&mdash; narendramodi (@narendramodi)
08:42 (IST) Aug 26
PM Modi Gujarat Visit Live: Western Railway hails rail projects inaugurated by PM as 'transformative'
Three transformative rail infrastructure projects and a passenger train service that Prime Minister Narendra Modi virtually dedicated to the nation from Ahmedabad on Monday will give a fresh impetus to Gujarat's socio-economic development, the Western Railway has said.
The three projects worth Rs 1,400 crore are Mahesana-Palanpur doubling (65 km), gauge conversion of Kalol-Katosan Road (37 km) and the Bechraji-Ranuj rail line (40 km).
Besides, PM Modi also flagged off the Katosan Road-Kadi-Kalol-Sabarmati passenger train that made its inaugural run from the Kadi station and a car-loaded freight train from the Bechraji station.
08:12 (IST) Aug 26
PM Modi Gujarat Visit Live: PM Modi on Ahmedabad
PM Modi underscored that Ahmedabad is emerging as a major tourism hub, highlighting that it is recognized as a UNESCO World Heritage City. He remarked that whether it is the historic gates, the Sabarmati Ashram, or the city's rich heritage--Ahmedabad is now shining on the global map.
He noted that Ahmedabad's cricket stadium, with a seating capacity of one lakh and named after the PM himself, has become a major attraction. He affirmed that this demonstrates Ahmedabad's capability to host large-scale concerts as well as major sports events.
On January 25 and 26, Ahmedabad scripted history by hosting concert with the British band, captivating over 2.5 lakh people and setting new records. The concert witnessed a historic selling of 1.3 lakh tickets and drew music enthusiasts from India and abroad.
08:10 (IST) Aug 26
PM Modi Gujarat Visit Live: PM Modi's attack on Congress; invokes Operation Sindoor
In a scathing attack on the Congress, the prime minister it of inaction against terrorism during its tenure, stating that while terrorists ""shed our blood"", Congress sat in Delhi and ""did nothing"".
He highlighted India's strengthened security stance, referencing the swift and decisive Operation Sindoor as a symbol of the nation's resolve as well as the valour of the armed forces, while drawing parallels with Lord Krishna's Sudarshan Chakra as a shield of justice and security.
""Terrorists... they used to shed our blood, and the Congress government sitting in Delhi did nothing. But today, we do not spare terrorists or their masters, no matter where they hide. The world has witnessed India avenge Pahalgam. 22 minutes, and complete annihilation. Operation Sindoor... it has become a symbol of our army's valour and the willpower of Mohan, the wielder of the Sudarshan Chakra, for India,"" the PM said.
08:08 (IST) Aug 26
PM Modi Gujarat Visit Live: PM Modi's message to farmers ahead of Trump's additional tariffs
Speaking in Ahmedabad on Mondau, PM Modi once again assured farmers, small entrepreneurs, and livestock rearers that his government will ensure their interests are not harmed, in reference to the US's pressure on India to open up its agriculture market as part of the ongoing trade negotiations between the two nations.
His remark came during a time when the US called for an additional 25 per cent tariff on India, bringing the tariff to 50 per cent, for buying Russian oil.
08:06 (IST) Aug 26
PM Modi Gujarat Visit Live: PM's programme on second day of visit
At 10:30 am, PM Modi will inaugurate two historic milestones at Suzuki Motor plant in Hansalpur, Ahmedabad. Next, he will and flag off the “e VITARA”, Suzuki’s first global strategic Battery Electric Vehicle (BEV).
His final engagement will be the inauguration of the next phase of India’s battery ecosystem with the start of local production of hybrid battery electrodes at TDS Lithium-Ion Battery plant.
08:02 (IST) Aug 26
PM Modi Gujarat Visit Live: PM Modi to cap off 2-day Gujarat visit
Prime Minister Narendra Modi will inaugurate a slew of projects on the second and final day of his visit to his home state Gujarat.
On Monday, the prime minister launched projects worth Rs 5,400 crore.
Prime Minister Narendra Modi inaugurated the localized production of hybrid battery electrodes in Ahmedabad am on Tuesday, the second and final day of his visit to Gujarat, his home state.
On the occasion, the prime minister also flagged off battery electric vehicle (BEV) exports to 100 countries.
On Monday, PM Modi laid the foundation stone and dedicated development projects worth ₹5,400 crore in Ahmedabad.
Tired of too many ads?
go ad free now
Top Stories Right Now
‘Strategic shock’: Trump’s tariffs to hit 66% of India’s exports to US; China, V...
J&K flash floods: 6 killed as landslide hits Vaishno Devi shrine route; yatra su...
What liberals can learn from the RSS’s phenomenal success
More Latest News
Tired of too many ads?
go ad free now
Quick Links
WTC Points Table
NHL News
NBA News
Esports and Gaming News
Latest Cricket News
WWE News
Cricket Match Schedule
International Sports
MLB News
NFL News
Education News
Live Cricket Score
Explore Every Corner
Across The Globe
Joy Taylor
Tommy Fleetwood Net Worth
Ryan Carcia
Taylor Swift
Wayne Gretzky
Taylor Swift and Kelce Relationship
Aaron Rodgers
Gracie Hunt
Sophie Cunningham
Andrea Preti
Leon Draisaitl
Michael Jordan
Helldivers 2 xbox release date
Sergio Perez
Lisa Cook
Bank holiday
Cal Raleigh
Modi Gujarat Visit
Kick Co Founder Bijan Tehrani
Helicopter Crash
Kim Jong Un
Blood Moon
Noida Dowry
US China Trade
Angel Reese
Cheteshwar Pujara Pension
Brian Robinson Jr
El Mayo
Kyle Juszczyk
Who is Jim Murray
About us
Create Your Own Ad
Terms of Use and Grievance Redressal Policy
Privacy policy
Advertise with us
RSS
Newsletter
Feedback
ePaper
Sitemap
Archives
Living and Entertainment
Cricbuzz
Lifestyle
Newspaper Subscription
Food News
TV
Times Prime
Travel Destinations
Whats Hot
ETimes
Times Life
Times Pets
MyLifeXP
Services
CouponDunia
TechGig
TimesJobs
Bollywood News
Times Mobile
Gadgets
Times Events
Work with Us
Colombia
Hot on the Web
Kidney Damage Symptoms
Boney Kapoor
Onam Wishes in Malayalam
Ganesh Chaturthi 2025
Hartalika Teej 2025 Wishes
Hartalika Teej Wishes
Naseeruddin Shah
Yash Dhull
Bigg Boss 19 Contestants List
Bedsheet Changing Mistakes
Indian Whiskies
Liver Health
Vegetarian Foods
Vitamin D Supplements
Mohit Suri
Bigg Boss 19
Jaswinder Bhalla
Kunickaa Sadanand
High Blood Sugar Symptoms
Clove Tea
Low Cholesterol
Liver Health
Collagen Boosting Foods
Gut Health
Archana Puran Singh
Baby Girl Names
War 2 Box Office Collection
Coolie Movie Review
Coolie Box Office Collection
Asian Poorest Countries
Stomach Cancer Warning
Diabetic Shock Signs
World Oldest Woman
High Cholesterol Symptoms
Carly Pearce
New Moon
Skincare Habits
Fatty Liver Symptoms
Kidney Damage Symptoms
Dragon Snake
Baba Vanga Predictions
Trending Topics
Haryana D El Ed Exam
Jammu Schools Closed
Metal Gear Solid Delta
Lilly Day Death Cause
US F1 Visa
Reilly Opelka
CA Foundation Hall Ticket
Kuldeep Yadav
Elon Musk
Ganesh Chaturthi School Closed
Venus Williams
BPSC Office Attendant Recruitment
AP OAMDC Registration
Haris Rauf
SSC Chairman S Gopalakrishnan
R Ashwin
HPBOSE Supplementary Result
Jean Pormanove
Wuthering Waves System Requirement
Mysuru Murder
Kolkata Yellow Line Metro
HDFC Bank share price
Noida Nikki Bharti Murder
Kiren Rijiju Convoy
National Teachers Award
Bengaluru Metro Fare Hike
Nikki Bharti Murder Case
Bengaluru Bike Taxi Ban
Saurabh Bhardwaj
Kerala Temple Purification Rituals
Himachal Pradesh Floods
Jasmine Jaffar
Elon Musk
Google NotebookLM
Matcha Side Effects
Steve Jobs
Donald Trump
Nyt Connections
Banned Betting Apps
Maruti Suzuki EV
Flipkart Black
Wordle Today
Popular Categories
Headlines
Sports News
Business News
India News
World News
Bollywood News
Health+ Tips
Indian TV Shows
Technology
Travel
Etimes
Health & Fitness
NFL
August Long Weekend 2025
India vs England
Astrology
Weather Today
Platinum Rate Today
Silver Rate Today
Gold Rate Today
Is Bank open today
Is Bank Open Tomorrow
Bank Holidays in August
Public Holidays in August
Stock Market Holidays
Financial Calculators
Technology News
International Sports
Public Holidays
Bank Holidays
Latest News
Hrithik Roshan rents sea-facing Juhu flat to partner Saba Azad at fraction of going rate
UBL to invest Rs 90 crore in setting up canned beer facility in Telangana
Milind Soman completes the Ironman triathlon: 'It is the most amazing feeling'
Shefali Jariwala's last Ganpati celebration with Parag Tyagi goes viral - See photos
Hrithik Roshan rents his sea facing Juhu apartment to girlfriend Saba Azad for Rs 75,000 per month: Report
TCS inks Rs 2,130 crore, 15-year lease for 1.4 million sft in Bengaluru
Janki Bodiwala: If you’re honest in your performance, people will notice no matter how new you are
PV Sindhu, HS Prannoy make winning start at World Championships
Scindia, Ramdev, Kangana Ranaut among dignitaries at RSS' centenary celebrations
Harleen Kaur Rekhi on the emotional turmoil she faced after her Instagram account was unexpectedly suspended
New BJP president: Is Shivraj Singh Chouhan leading the race? Agriculture minister responds
How long does it take to complete Metal Gear Solid Delta Snake Eater?
‘Can support India's goals for energy security’: US embassy official pitches America as major supplier of oil; says ‘committed to working with…’
Sunil Gavaskar hits out: ‘Focus on your country’s cricket, let us worry about ours’
Sonam Bajwa breaks dance floor with her sizzling moves in 'Akeli Laila' song from 'Baaghi 4'
Sergio Perez and Valtteri Bottas bring wins experience and trust as Cadillac prepares for Formula 1 in 2026
It's official! Argentine rapper Nicki Nicole and Spanish footballer Lamine Yamal confirm the dating rumors on social media - Deets Inside
UAE President arrives in Egypt for fraternal talks after concluding state visit to Angola
Copyright © 2025 Bennett, Coleman & Co. Ltd. All rights reserved. For reprint rights: Times Syndication Service
Follow Us On"
https://timesofindia.indiatimes.com/india/noida-dowry-case-cctv-shows-husband-outside-house-at-time-of-death/articleshow/123512649.cms,"Weather
Sign In
News
India News
Noida dowry case: CCTV 'shows husband outside house' at time of death
Noida dowry case: CCTV 'shows husband outside house' at time of death
Advitya Bahl
/ TNN /
Updated: Aug 26, 2025, 10:59 IST
Share
AA
+
Text Size
Small
Medium
Large
Representational photo (Instagram/Vipin Bhati)
Noida: The investigation into the death of 26-year-old Nikki Bhati, in which her husband Vipin is the prime accused and has been charged with murder, has taken a turn. CCTV footage that emerged on Monday purportedly shows Vipin standing at a grocery shop outside their Greater Noida house at the time when Nikki was allegedly attacked on Aug 21 evening.
The footage, from a shop diagonally opposite from the Bhati house in Sirsa village, has prompted police to revisit the timeline and scrutinise videos of the alleged assault shared by Nikki's family. These videos, including one in which Nikki is seen purportedly staggering down the stairs with her torso on fire, were taken by her sister Kanchan, who lives in the same house and is married to Vipin's younger brother Rohit.
On Monday, police made two more arrests, taking into custody Vipin's father Satveer and Rohit, both of whom had been absconding since the alleged murder.
Poll
Do you think CCTV evidence plays a crucial role in solving such cases?
Yes, it helps uncover the truth
No, it can be misleading sometimes
'Couple had a heated row just before incident'
Vipin and his mother Daya were arrested on Sunday. Vipin, who allegedly tried to flee cops while he was being taken to the crime scene, was shot in the leg in an encounter.
The time stamp on the footage from the camera that purportedly shows Vipin and his six-year-old son standing on the road puts him at the grocery store at the time of the alleged assault, which - according to the complaint from Nikki's family and the time recorded on the video shared by Kanchan of Nikki engulfed in flames - is 5.45pm, police sources said.
In the CCTV clip, the man, believed to be Vipin wearing a check shirt and blue trousers, is seen standing near a white car parked on the main road outside the house at 5.42pm. A boy joins him, apparently holding a rope that he tugs several times. The man lingers, glancing down the road and chatting with two or three boys. Suddenly, at 5.47pm, a commotion appears to erupt. The man in the check shirt sprints towards the house, followed closely by an older man who also rushes inside.
Moments later, the younger man emerges again, gesturing to bystanders who gather. He is seen talking to a man in shorts as the crowd swells. At 5.48pm, the man gets into the white car, briefly steps out, and then reverses the vehicle into the lane as more people gather.
Devendra, Vipin's cousin, claimed that Nikki suffered burns from a cylinder blast in the kitchen. ""The shop where Vipin is standing is opposite their house.
I heard Vipin shouting about rushing Nikki to hospital. Everyone was shouting about Nikki being injured in a fire. If you see the footage, you'll see me walking out of my shop in shorts after Vipin. I downed the shutters and drove the car. Along with uncle and aunty (Daya and Satveer), I took Nikki to hospital.
She told us there was a cylinder blast inside the house and kept asking for water all the way to the hospital as she couldn't breathe.
We took her to Fortis Hospital, where she also told the doctor about a cylinder blast,"" he said.
A senior officer said the timing of the footage and that of videos shared by Nikki's family need to be matched. ""We will cross-check a few things, especially the time span. We are anyway verifying the contents of the footage and the video handed over to us by Kanchan as the main evidence. Footage from the hospital where Nikki was taken to initially needs to be examined too,"" he told TOI.
Devendra's version conflicts with that of Kanchan, who alleged her sister was set on fire. In one of the videos posted by Kanchan on her YouTube channel, Vipin is seen dragging Nikki by the hair and taunting her to ""make a video"". Another brief video shows Nikki engulfed in flames. According to Vipin's relatives, the clips are from last winter, not Aug 21.
Police said they would probe all possibilities, including dowry harassment, domestic violence and suicide.
""The accused, the husband, father-in-law, mother-in-law and brother-in-law, have all been arrested,"" said Sudhir Kumar, additional DCP, Greater Noida.
Investigators have learned that tension started after Nikki and Kanchan opened a beauty parlour at home. The family allegedly opposed the venture, but Nikki persisted. Relations deteriorated further in 2024 after Nikki discovered Vipin's affair with a woman from Jarcha, who later filed a police case against him for physical abuse. In the days leading up to Nikki's death, the couple was not on talking terms, living in separate rooms, sources said.
""The couple had a heated argument minutes before the incident, during which Vipin allegedly slapped Nikki several times,"" a police source said.
About the Author
Advitya Bahl
Advitya Bahl is a crime reporter with the Times of India's Noida edition.  With nearly a decade of experience covering both high and medium level criminal cases, court trials, and police investigations, he has built sources within the beat with reputation, integrity, and impactful storytelling. Advitya's  work sheds light on systemic flaws in law enforcement and brings voices to the fore.
Read More"
https://timesofindia.indiatimes.com/india/bihar-to-provide-free-land-interest-subvention-of-up-to-rs-40-cr-to-investors-under-new-policy-cm-nitish-kumar/articleshow/123528405.cms,"Weather
Sign In
News
India News
Bihar to provide free land, interest subvention of up to Rs 40 cr to investors under new policy: CM Nitish Kumar
Bihar to provide free land, interest subvention of up to Rs 40 cr to investors under new policy: CM Nitish Kumar
PTI /
Aug 26, 2025, 20:12 IST
Share
AA
+
Text Size
Small
Medium
Large
Bihar government unveiled the 'Bihar Industrial Investment Promotion Package 2025' to boost industrial growth and create jobs. The policy offers free land allocation and interest subvention up to Rs 40 crore for investors. Units investing over Rs 100 crore or Fortune 500 companies can get free land.
PATNA: The Bihar government on Tuesday announced a new policy under which free land and interest subvention of up to Rs 40 crore would be provided to those investing in the industrial sector.
Chief minister Nitish Kumar asserted that the 'Bihar Industrial Investment Promotion Package 2025 (BIPPP-2025)' will boost industrial growth in the agrarian state and provide jobs to around 1 crore youth over the next five years.
""To encourage industries in Bihar, the government has implemented the new Bihar Industrial Investment Promotion Package 2025 (BIPPP-2025) after the BIADA Amnesty Policy 2025. Under this, interest subvention of up to Rs 40 crore will be provided to the investors,"" he said in an X post.
The new policy was approved by the state cabinet in a meeting chaired by Kumar during the day.
""Under the new industrial package, free land allocation will be done to promote investment. Industrial units investing more than Rs 100 crore and creating more than 1,000 direct jobs will be allocated up to 10 acres of land free of cost. Industrial units investing more than Rs 1,000 crore will be allocated up to 25 acres of land free of cost.
Fortune 500 companies will be allocated up to 10 acres of land free of cost,"" the CM added.
To avail of the benefits under this industrial package, investors will be required to apply before March 31, 2026.
""This new industrial package will help provide jobs and employment to 1 crore youth in 5 years. The objective of this initiative is to further promote industries in Bihar, make the youth of the state skilled and self-reliant, enable them to get maximum employment within the state itself, and secure their future,"" Kumar said.
For new units, reimbursement of net State Goods and Services Tax (SGST) up to 300 per cent of the approved project cost will be given for 14 years, capital subsidy of up to 30 per cent will be provided and the limit for export promotion will be Rs 40 lakh per year for a period of 14 years, he said.
""Additionally, assistance will be provided for skill development, environmental protection, use of renewable energy, reimbursement of stamp duty, and land conversion fees, support to private industrial parks, and patent registration and quality certification,"" the CM added.
Assembly elections are due in Bihar later this year."
